title,link,published
What Madras High Court Told Cops Over Chennai Techie's Harassment Claim - NDTV,https://news.google.com/rss/articles/CBMipgFBVV95cUxPVTJjVkxObVVUc3Y0YTBUbjZUeG9vdjRQcFlJZ3JRUllhei1BOGttTUJSeGZ6d0t0RnRLWlN4WlN5WmZPY0ZZX0NLYTdockRzVTh3UkdjSGRob1g3czFrLV9SVjYwaER1X0t2ZDRzOHZSVHA0WF9kaHl2OXl6V2RtdXhWZjdHdmtmWjlHQVdoQ3p6QXlWcE90cUN0bEtFNXdEMHNWNjJB0gGuAUFVX3lxTE5sbUxnQ0Vvek5sbUhsdi16MzBvRXN6ejVMVVd2MWVkSV9qZXp4Z2pRRTk2X3FxaWlyWGlnc0VTOTFkMkZ3cm0ycTllWTk3dVo0TnY2d1FudUdMc01zcXBhYllhQzd2RUxRTDdIMl9GYldYZ2d0MEtkeDd3bW9ybGhhRkJ0a242ZDVjOUlFLWpDY0dKNHFpLW1VWjZ4eGVQa3ZzTkhKSGFuSVNlYVJuZw?oc=5,"Fri, 28 Mar 2025 03:15:01 GMT"
Chennai: Dental student files harassment complaint against collegemate - dtnext,https://news.google.com/rss/articles/CBMisAFBVV95cUxOZ3ZucFBfdEFVOTNOSGVJMUpLcUJ6dGdNV1I1Y2lrZnZxUk9GLVpkTlB2cXNwdGpnempFZmhUcDBOVzdiZm9GVDJTZVJWWC1lTjdkS3R4MjJCMjJ0OEVJVjJNUjRxN3AyZnRoWDdJdW10VlpEUm1uQ3VXd2JUUWYxU0FobzgzbTY4SmdIQUU4QXk5NmZvcUQ5eW51VGZsUHQxdHY5MjRxVFlCX2txaTVFZdIBtgFBVV95cUxPWnJWdGU2QW5QRWpOUnlWa2ZjMUJRM1VSdW1IVWl2ODBEM0I2eGFxVFE3a0NSUG5sWEVkZzN2TGdkTS1ib0xja2QtOXpRZV8wZ0pjZWpwTks3R0llT3hwaWlUUGc1R21iaXN5bmFaaEw4Y3d5M21iZHJYaGRHQ0xhLUpnRUtRTkVOZEQ1NEFLblhvdlN5bkFBV3FRbHRZR1luaGhoTURQekktdnlfb3dscmFUSk5TQQ?oc=5,"Sun, 30 Mar 2025 06:22:01 GMT"
Anna University student sexually assaulted; Kotturpuram police arrest one - The Hindu,https://news.google.com/rss/articles/CBMizAFBVV95cUxNQ0d6Vm51dGRVZ1BhMjlzekdpMzVHalhFaXZGZ19WZjJGNGJFaHhUbjZXaDU3aElEWDZJc2hYckNtaGdVTWFGWUxaRGFLa2ZGLVFqOWItZktlZFhNcUhQbDVZU1R6bWpNZVlnTU83aUl1aWx4aFlIZEwzYXg3VktYcUlPV2l1VmRoVlZPZ1RnYjJCNUN3TWZ4SnF2RVIwSExLZGRBMkV3Zi03RERzaW5pMVotMkwzVzhPdGlGLV9ZZDZqNEI4a1VvVHpvVUHSAdMBQVVfeXFMT2tvc2NpSkszT21rZUpxQXNDaW45M1BmcEUwX0UxQk5iR1ZqSkZRYkx6UlRXNG50RVBjUDBzNkEwQkJoemMtNUxnNmZWWEpqVHpqc2s3dDI0WGhTUEc2OHkyLXJYTi1FUFU2WmdtTzdER09SbC1WVjI0REtHZzZsdjllTGFBUVFRcWh4Qm1MLUJzLTY3QTluVC1KaWVWWHNrdmNjRUNwUXpaRmN3MXRrVG1adm44N0FscmZ5YlF3LV9RSnA3NkstT2g0TFZZRERCSERHZw?oc=5,"Wed, 25 Dec 2024 08:00:00 GMT"
"Rippling co-founder says 'on the run' to escape harassment by Chennai police, wife - Deccan Herald",https://news.google.com/rss/articles/CBMizgFBVV95cUxOSWlUMnV5U0dEUVdqdVcyczJKWjJSWnZHYUhBTHYzVnpFNFE4NERoT0lldW50Wk5lb3QwNU91Q2F3T1NqaXNPVFdBektKdjBOaWNxeDBuQUNrbXdybEppVmJLQW5ybjhUYXFQdTI2V2N0dW5JQ1QyRDRRemhnMkpYcEtBR2s0Q3R4RVhiYm5EeGZ3YTRMazBRUF9XN1JkdHU1a0IzXzBWZDVGMGtNRXZxLVZwLUUtcjRmMHNGcWZTU2UwalhQWkFISENqaDVDZw?oc=5,"Mon, 24 Mar 2025 11:37:57 GMT"
"Student's rape on university campus shocks Chennai, parties bicker - Times of India",https://news.google.com/rss/articles/CBMizAFBVV95cUxOMV8tYXJVMnNfLWZYbmVCTjlZSmNzOTZfUE1tZEJnc25WbE5yaTBOZ2VYaGRlNjZPb2NsUmtTc0Jvdk1HWlVwV040bDFrOFdQT1g1cm9SUzdYbzZ4ZW9mMmg1ZUQwRkhRSllpZ212TDhCMWR3RjhTVUJ0UllfcHFBV2QyNGpGVmxYekhTRVhDTHN5a2NsdGlOYTdlcTdzOHpMa3BCb3VGWlI5VE40dHI5RDQxUkE0RmY1TjQzVUNfZTlwSFRhNWhWdGtCdFHSAdIBQVVfeXFMUDRUWGpiU0VteVlrdlBfUENDTkhldEZHeHZRaXEyWndFM3VjYXR6Wjh5a2wyYk5XejFIbHdUOXpzRUlJSVFkdk94VHlwZVZWX3dQNGhjaGhZaFExYXo2bnNpOGNmV3NZZDkxNWt5Y1dvWkZiWTlQR1Zmd21QOGJEai16Uk8zSXlwMkN1N3Z2S3NBaFAtdDJnVkR5ajdOeUpJNUpWblRpN05GZmFmRTBxcktKU2duMXNabGUyenp1Y3lFbEJuSDlvRm52R3FqQUJpRW53?oc=5,"Thu, 26 Dec 2024 08:00:00 GMT"
Student sexual assault on Anna University campus sparks row: All we know - Business Standard,https://news.google.com/rss/articles/CBMiwgFBVV95cUxPOE9DaVd2dDcwNXJyMGVralZhMGZPVU5fclA0eWs3VEpTaHZoaHFoTGdxMlZpQjRGQXZVTDFWUkh4c0traGFZMTk2aEx1RnlDNHhOYkhaUXBFc01VZ3hZT05ycVIzS3FLM1hlcUxYYmEzTmVCR2E3VGtocU0xbXBuZ0RQeE05dkpUdGgxZDI5cTVJa0FtdGVBNkxrSUEyMW45M0JheExac05HaTJLeC1abHZQQ1Mzc0trNGtNOEU4SFdwd9IBxwFBVV95cUxNRUpsbWQ1M3l0b3M0WDJEcjNxczhvOE9sdjh4Tmp6RkpsTlRDZzdIaHNpMm5VSVlMcjkyYzF1SkxmbGVTczRlLXg4UFRHSVctbk1KdV9YbTBiMlFaeHpqazI2TVg4aTRBbE9tNVQ4Qm1tT2pwa1VYd29BM1pxYjBRbVFtVmZQMTB5M2ZwTlUwZnFpb0RjQzBWQndSN2lYMTZJdUpLYzFKTmplN2otWXNib3lDX3dqOUxVcFlxRkI4Z2Z4dGs2ZDRR?oc=5,"Thu, 26 Dec 2024 08:00:00 GMT"
"Student sexually assaulted in Chennai university, Annamalai slams law and order - India Today",https://news.google.com/rss/articles/CBMixgFBVV95cUxPSk1IWDJFYTc2Ujh4YmJMbmRRY1I2YTJFSUxNUFhXUDRveDRqaUJ1bHNzN3RhQ05qd1RWWVdvSHlEOGJyNjRBaERWcm5GN1VqSFpFRDRzay02WVJjUldxcGJLekM2Nmd0UlFIZl96eURIbVhNTGpqTHZRM0JIZkk1WnotLUREU1VZUXdhLWp2Rzd5LUY4VXFKUnVYeG1udHhiaXJDMWxWbHM4d3NiZzRwS2gyS2ctZ09DOHo3TWZiZTdSV0FYMGfSAcsBQVVfeXFMTldBZHNlVWpVUmRCenlKb1o3RzEwYk9Ldl8tVVB6ZGdUZS13aVE2eTdsQk51V2dUWDVnZ3VGSFBFYmdzQzZhS2NGVThMd0ZBOHdqWlM2Z2VQOTlvTTh6NW9oSm9SaGt5MElTd1p1X0lRYUFoTnFFTWRtd3NGaklkZ0l3RkVzTVpXOVhoTlZQS1NGek9DOGo0Q2dwcER0VVdJcTVqMGlpWTFmY2dGdGpjZFBXa2hKcXhwOUFDbVJDWGJ5Z1QwaUVoTHFNOHM?oc=5,"Wed, 25 Dec 2024 08:00:00 GMT"
Opposition vs DMK over ‘gang rape’ of mentally ill college student in Tamil Nadu's Chennai - Hindustan Times,https://news.google.com/rss/articles/CBMi5AFBVV95cUxOcEdyMFdDUWlDU3ozWUdaay1Fa3VsV0xMV2YxcWV4OTE1YTB3VktLYmRaY010emhHSFU4aW0zbjZLTDF4ZWtIck5ISGxQLVVtVzk4SFJxV25JT3ZrX1BFR1l2R0oyUEY1RVoycE95NmhIdjdKNkgzY2FQSEtvT1NDc2hzU0c0WVFiMUN5Q0RTN1hIdHlxc0NxUlJlcXN6QkR5T1QySk82S0E3Wl9nTG9MUVZxNVgxdHhmZTlST1o5akQ5b1I1SEJrY0Z1bE1saTg4VTFaWHhidUdiS21CVE8tOXZtYUrSAeoBQVVfeXFMUE00NnUyNks2Ymh6Zmw3eDRaUTQ1S2pmUXZTZEdmNm9qSlJ3ZG8yRDgwX0VYeFprMkU1N2xfcXNDZlY3clBMb0dBY2h0T1JQMXVhT0g3Rzg0ZjJldlBEdVZzR1VfaENlOW1zSEwzMUVqY244MlJWR3YzVjBlYjVWMWZZMjNqOUJDVjdKQVlVdjZ2bWZZbEJBNUpiWWpvNU15aVIzajJWU1p1RmZNdTAtWjRLQ09LTEJVQnQ2MGo1dWJ0ZmtNQUxuMzRMdnhGMGFfY2RYTDd3VHE5dHZ2U1NoWFVsM1Z3eHloRDJR?oc=5,"Mon, 09 Dec 2024 08:00:00 GMT"
Chennai: IPS officer suspended on charges of sexual harassment - The Hindu,https://news.google.com/rss/articles/CBMiyAFBVV95cUxQMldkMkFUMG13YjBiWGdvTmJlQXJ0VHB6bHZObmJBN3k5YUpJVEVHckJBVUpZWVRpUW9JR3hXZks1MzZxTm43WkpTNzBGQVNsWGU3S05hY3VCOFlOenBzWnBaSVpYV0FwTWlnM0trN05DQ0Q1RHJEZGxxMGpRMTRKRGUtNTJ3dzNXTEJMdEFsdmp4aDVnbldsU1k0U1lhcDcta3luMVB0MEVvanJHNHlJNk9QU1NIS3V2aTRUd190akw3eVZWUnd4WdIBzwFBVV95cUxQWml0YjZKRm82WTNRdm5SdHRSa1FLcU1ka190QndGaV9ZSUgwdmRRa3dxelNXVVduNW1vc3FCZ0N4clFhd0Q4SURtT3dLV2xacHNETkx4cjcxVHBOUzZuRE96LVItNU9ydEx5dV9WTDF6YVBHaDFiSEhuS0thMXlseTQ0LTMzek5oVkJBZ0ZyT0tSek5MMXA0NXRaTnpUck9KUVhrQ2poRk9GNzZhYmFlWC1OLUZ6cGxac2JUSFJxOVBtdjNiN1NaM29KQVVyX00?oc=5,"Thu, 13 Feb 2025 08:00:00 GMT"
"Chennai Techie Accuses Wife, Cops Of Harassment, She Calls Him 'Sex Predator' - NDTV",https://news.google.com/rss/articles/CBMi4AFBVV95cUxPNVh0LVpYenJWZXpYb1pKcGxaRTlQQTZpeVA3ZENfNjE4bXc5M1o5QUVIOXFNam92Q3pZUHpXTm1BYW51Y3AzaHVKMkd5QlZkcmJsQkR0MWRSUnB6ZklYQ0duX0ZkdkhCbGlhZ08xSW5JRzRxUDE4MC1zTGJFS0RkcTA1eVVHc3IxU29yTkxHdUVyUE5ld0JmSFh3TUZ3Y0M4ZURpUGdRcmpTSm1LbDFxV1ktTE83cnRUMmdmNk5HT3l5S2E1NlNLSTgtQjJlcUVIbVZYMGtySlJEMjNGSU5QWNIB6AFBVV95cUxQaWFaR200TFpvdVFDcW5Wb3FKc0RsTjBzYjlqd2ZEWkNha2RWS1dtaG9nWFRTZHlsU1o5dW9fWHluN2VBc0EtTVk3cnlKVVlfUUh1elZ4b1cxS1loWWk5NTZpbjlwMmxkcm04Z3VGYjN1SlMzV1ZHM01aVllJRW04aGNjRjNxQnJWcnlhUTNSTFRYR0hUMjVHMjl4UU84REFXb2FxRVBmSXVzZGo4cGRORFBpQ20wUl85akFsbnNDZjZuNkItd0tjR3FtMnIzQWVnUE9XOGY4Rk1DempFV0E4d3pRRWg3Nkct?oc=5,"Mon, 24 Mar 2025 06:44:00 GMT"
No confidence in Tamil Nadu police: HC sends Chennai child rape case to CBI - Times of India,https://news.google.com/rss/articles/CBMi4wFBVV95cUxQZm1tSmEwWmFDd2tpcjJBMkxPUlFKY3pRc2RvQXhTVGRzWUNDRGpIN1d6ZGZnaF9pN0Y1V0RtOUxodlhCd091eEo2Sl9WVHdWNkNhRFdEa0pzTjRadjVkWTF5U2VJTEVPMTZQbldDUjBHVHZpOEVKRnNleGdMNEFOaFBZSDVaQ3FnU1hVOGlKY3d0ODVuaF9MYlBNcThrMlV5NWN4ZUZmdnAwaUVkc2FvVmVEc2R1dkpmSXAzY1dxNXlFMlQtRURFZkU5T0QzOFB1Z2dvdW0tSjJnOUZtMmxiNTZTTdIB6AFBVV95cUxNQmV4dDRBOS1JcXV5ZG1heGlIVXYxTHhxVXlHSGhLM0NxTmc3dk53dl92dWVnbEpwcVNkMF9aOG1YbDBxT18tY1V2VUcxZVQ3NDhzeFp0LXhtMmhENURVdzRDWE44LUl3dWtlNnhWTUV1eGtNUWZ5T0tMVkJIcl9WZzRGNDdVb0MtZU00YXZMVERxLU41bEhybHpkZFhwQkhtR1lvWHM0ZUlwZ3RkMi1DUlhiVHJwa0MwbjA5OVFmSjNJLTAyejRjak5FS3JqNEhmeEFsRnpKRHA3dEt2d01hcGNHcnN0VEZt?oc=5,"Wed, 02 Oct 2024 07:00:00 GMT"
Chennai professor arrested for harassment of female colleague - dtnext,https://news.google.com/rss/articles/CBMipgFBVV95cUxPbXAzM3VtaHByenc0SmJmQXc4cEZwZ21DVGRXTC1LTlZqS05lSTJoYUR4cThxRzFuNFZNLVRDc1U2bkc4WG5fdUNBa3lCdkszdk9TSENRNm1RM29PZU5mQzdjMWF3TG1RMDNBZmpvajR2Mnp1WHlVNDNPa2lqaXZsWmM2cGFpM1Qyd0xJRVBJdVpLQS1sZ3FNMWUtVGRLdGhQVXdBOVN30gGrAUFVX3lxTE4tOHNpYnIzaDNSQ3l3RHN1Nk5hd0R5ZVplYUt4QWdhbXlDZGhLTmk3QXZRd3lJRzZQNVpiQ25pTG82Q2o0WGl2VGhLNUthSGwwXzdETG9jSk5mdTdZa2xkRmlDaXRBdzQwMkM5Vk9vdGZaczVVbThPVllWTHZxMjdEWFdfeENQTThfWUxVdWQ1ekdKWTVEZ2k0RDNqLWtiOHk2a2wwX21DM28xbw?oc=5,"Wed, 19 Mar 2025 10:08:07 GMT"
"Rippling co-founder alleges harassment by wife, Chennai Police over custody - Business Standard",https://news.google.com/rss/articles/CBMi1AFBVV95cUxNeXpkVDQ3MzFLV3JJaEVwLWhmVEZfdUpGbWVDcGRWQUQwa2tfdEw0bXBnY0dkYTk3R3J0c1NmaTg1VXZjTkl6M0RLX2djTS1ZeHhBS0FNSkFaWXZuRTFwcnY1Ym52RnNqNkxhcnNwYmZJa3JrVTd5ZWN6MXljWE9jREp1aHFnNG1nc0lJaGUtNkRmU09IX0VfV2ZmNko2cEZ1amp2YzBmWWdFSUozZWRScnhDYTBXOEQ1VkxRd2FBcTZkOExIX0cxOWctT0hBWkUxQ2xnX9IB2gFBVV95cUxPVjFoWUhRZjl2WWtGcUFVb1dJX1YwdFhNcGd0dl9VTy01OFZIYWtCdzE4QlhYekl1TFp5eW5ybDBKb0Q0bFZ4RlRqLWhaTFpqb05JNUs0RFBCNE4xVHNpY0xNYk9veGVaXy15M2Jsc3VIZHRBN2F2a1ZfSEtWU3YzVVVkSkU0cHhzVEJLX0JZLUdIbGFoUDUzcEd1RUJwQVByMW9NdWhrUE5MX2N1ZjMxcTZsRmxRV1F0M0tOb1d0MUhsYXF5UUI4c3I0anFJckt6U1h2SlNoX2hUZw?oc=5,"Mon, 24 Mar 2025 06:18:19 GMT"
Two youth arrested for rape of mentally-challenged girl in Ayanavaram - The Hindu,https://news.google.com/rss/articles/CBMivwFBVV95cUxNMGlQUGJrZGtkVmVUZklmN21DMzRLV2xhQ0tERTFTVVlHdGVUUWRJNmtqc0V1OFpFMzl2cnV6eUVHbDhxaXF3MGt4c1ZHX1RBektSay1fNFBWdzFqOGZGMzdRaUJsdExaWjZxOUNXUEk2UDdJMkpDUWh6WFZEdEt3d09BMnMzd1JpSjREbHlEcEtrRkY0ZDJXT0V0UEotaVctT3prajlsdWFTd21XVVpXa29EZWtaWE1FdjBTMF9WSdIBxgFBVV95cUxNLUNsZDVDb1hoRnJaaGo0WmljM00wXzlVcFFsb3ZCRkZwcWplcjBMcDFrYVVaU1k0ZEZsaENIWEhZbWR4a2Y5Y3d5UjE3eFlWd2xybXJVazRZaVFXREgtWVVfNktiTV85WFNveUZEWnpGbjY0YlBQOUJXSXdDNmxXZ0x0WUZ5OHVQeUo3VVBmY05ETlQtSlRfTWtyTzlndjBtc2RTTDRhRVJtTTFKNko5dW5heTRlUzZzc293NVVEMGxsSXlaTnc?oc=5,"Sat, 07 Dec 2024 08:00:00 GMT"
Intruder rapes engineering student on Anna University campus in Chennai - Times of India,https://news.google.com/rss/articles/CBMi3wFBVV95cUxQUC14TFFVajRzemVjazkxRFNPSXFKVE1iNGppNThrSkJDNmU2V216WVVYOVJzQWwtdVlYTEJGelloZkdsS0laYnR5Y3Z0aG1GQ2YtbEFsQnJPQ1NnYTBaWklnUTU4Y3JFMFdrYmY0dzRSeWxPUWRnQ25PTU43dmhzanRwbGJmY0otS2FCVnNjdUFseGVZS3NEWHFhTVlaSWxOR1JPcjd1elV2cW1MQ2lIWWFRYnVub2NyUEU0Tm5ub1dWUWdLT3cyemZUWlgyTHJCLWZCemNPTEI3YXZ6YVlz0gHkAUFVX3lxTE5YVlNjY1pvSUVRTDZNUTBuRkJnemo1d1oyZDhkYUw3bEZ0NFhic1pqZEhBcWdWLWZYOHBPV196RDBqcjdWSDNsVzJYbGFJX2sxRmVZMmR0dmRYWjFUUllNcjd2OWpYNjE5aDRWODZMWllOSHFSckNMUWpsQTdOS3NMOGpmRFlEMFZyckJhamszd2stRHpmQmNxTVVDRk5hMHFxSXkyOG5LZTM2MmZyMTc0TnRWbHZGRm0xV0N3Q0VUcEtNVVlRT0RaeFNWUkQ2QnUxcVhYVEZEdUxkVHpuV2tnMnVUeA?oc=5,"Thu, 26 Dec 2024 08:00:00 GMT"
"Multi-billion dollar company's co-founder alleges harassment by Chennai Police, Rs 25 lakh demand - dtnext",https://news.google.com/rss/articles/CBMi0wFBVV95cUxPdWJGNnoxTWkwQWFxOUZiblBnaGdiaFJaTHBxVjNQbXV0em9FS2FfVm1zS2dqdWJ2WGpyTzdNVDRma2hLMzFuTmNqVEdOUzZGVjJhOFdseW5wWWh2WVRQaWg4MUNrTFpoYWhpRktPN0FSRVNjYXREOVIxRklPVzAzMjFTMl9vUUk4Wmd5TUhaNTRxN0pLQWdrTEMtUHV3X21qNmtDanlTNHpDTjM3S2JNb2F0RHNydHFSem9CaEo4cWp1eV9pcnpkOVR6dkNsYUdBY3Jz?oc=5,"Sun, 23 Mar 2025 06:16:28 GMT"
Chennai tech honcho Prasanna Sankar alleges harassment by wife - Times of India,https://news.google.com/rss/articles/CBMizAFBVV95cUxQRTZ4R2VfaGNsVzJQQ01ldFRsV1E3bGdTUDh1eXNOdklGakpaRFBJeEJIZmlLWlRKdGNqRnVTQ0w0WFY4QnhkTTBWT3I0OXo1M1BvUHNjUy1HRThIdTE2dm0zVzRoUmNtOXBYVmctUW1MTTdweFJtRVRMSTNrVHdWTGM3R1NyZnJEQWxPLV9hcnJwRHB2ZFNqX0pXbldzVUJ5SUl4NFMwRjJIU2NqRUtjQUVOaWczNE9WVEE2YzFtTlVGcEthS3ZnRnZzLVfSAdIBQVVfeXFMTm51OXB4QVFfMHdSTW4xTHp2YkdxVFAzV1dia1pIVzBFYVNyMmh1ZXFwZi1sbUwwcnEtNU9vVWFRNkNJRHZoSHctTHowV0x0UnVJQTg3NmxlZ3dJX1M0OExyLVU4bE1pX3hnTUFiaUtBOGc3RExSeFBJWDRic293TGFnRkdFajdLUEJKcmRBQkgtNEwwUWR3YjF1a2dFQ016YUp3UzJSUGtfU095VEVSUTNJYjh3SVpuX1dHQ2FDMVN1bGM1WC16V1hQZFlzaGp6V3pB?oc=5,"Tue, 25 Mar 2025 02:17:00 GMT"
Woman boxing referee alleges sexual harassment by coach - Times of India,https://news.google.com/rss/articles/CBMiygFBVV95cUxNYlRvVHFxYUVYTFVPaEo2UE5IWWs4SFg4bkpwbzNaVGFDVGxXSmtwcUp4M3dFZmJtTzVwbnF6LThZNVZvYnNORXJFamJfQm1wZWptYlQ5c2VWTkhXNGxGemIwYzVPQWdXVWF5bHlZNWZiN21IOHJlbUhOMTNYRnJwcEhBeHYyMUxnRTNreVFWTzAtdXFuaEFwUHVCaFRjbldSMXA1SzhmUUpwby1pckxQdmFnWFhSUDZzSlhkc1hTQXQ4X293S1hESFVn0gHPAUFVX3lxTE91M19Raml0NWZVdUF1ZkhXbW8yTkxaZ2JsSEEyS2JxSVFiY1J2VzAxa3pldDRab1YxdWJ3cDczaXY2cTN0X19HM1BGWDgzN2NUcjdLRS1YTFdpUVR3R055VlM3QjlwcmwxRkZUTmFRb2czdXVXNF9pc3d2ZThUS1FfbEloMWtVSVN2Y3FPcDJoelpxODBfUEEzamt5U2lJejJKOXF2My1mZnVlZUtsSG1yXy1rcVNtY3RTLXd5WmRtSFhiVzRTZnRDN2ZWWExZSQ?oc=5,"Sat, 01 Mar 2025 08:00:00 GMT"
IPS officer suspended for sexual harassment - Times of India,https://news.google.com/rss/articles/CBMiugFBVV95cUxOSTVSekZDbUUyeEM0VXdpbVRkUmJXX0ZETXI0NWxNdG1rWTh4dmZGancxZkNpNmtsRlo1V1R6RDdaQUV3cHBodEhCb1VxNEo1XzlBR1ItZkl2Ykp2UktWS3FKYzBfMGNLRDFRZ1czMVJ4dFczbWR5aUh1UXJja2xUTEFtOHpOdWNsOENGTGR6SmJNSUgzc2lROWV5QXlYaWFXYkpuay15R192QkZfendJNU1LZUY0QXRmMmfSAb8BQVVfeXFMTmZSVEFsU19Hc25sa1dGRFhHZktqeVgzLWxQVVFKR05ydk8yUlQ1S2RHWDV5VlRmNUFZdmpybDJZbXpXTzk4eUxWcmI4V3FnaWdRcmxGWmtxV0t6UUNNNi02ZjhPckMyckpMSEgzeG5Tekc1ZUhpUnU4X2tjZE5QanpEXzkzblM3T2pkVUp1V21oQlZIdG11NkNyQ0dRTktBRFRkYW9XU0xTNS1US3dKVFl5YUFWRDBoVFpEWUd6QW8?oc=5,"Fri, 14 Feb 2025 08:00:00 GMT"
Chennai Anna University rape case: Accused Gnanasekaran also faces charges of kidnapping and extortion - Times of India,https://news.google.com/rss/articles/CBMi_gFBVV95cUxNZGQxdExwNkFIejhsZktKaFc4UklGUmtodTJJVkVJb0lvSWNsZ1JnZmF1Z3RWZFVvaUcxcW1QcWVkSUpxZW9iVFhGbW1NVFRBQzF4b2t2Z25hSVc3UjVaa0pZdmlscnJLemdlVWZCb3BiYjFVb3hEbmNRblMwa2dwZ3JZMjZiMHIwQVlHamRfQUcxSWNEYlZYcUgzRF9zUkwzenRFYjIwQmJsai1xekxtTUVuSXBUdWotSEljSEM0ak16MDE4VjZKWTZ6Mmh1cnh6NTc5R243ZFFsc0Q4UEhxTmRjUHpoX2R6dVJFT1dIQ1RZY09CUWdxcS0zMnpnUdIBgwJBVV95cUxPSDNrcDBwSlFYVWpZVndnbkJ6MHUtMGNJRFlaME1meWEwMjYtT2h5QWEzaC0wQnpYcDVfcmVCV1h1bWs4SHE5MS15SmpPU3BUYkV4aHNYTVgyWGNac0hRM19rMzFxM0hpTHQtRkR3aW0xVHVhQ1BuQ3JFcVpqeV9xSGJHdHBFZk1CdldzVGZqUDdzQTY1dXlhZFc4VXQza2xRYzBzQ3VrSllzMVlRMDVJU3hLSy01aDZtbTZJZGticUZzNWJQeTNSS3JYU0tEaERuUWEwejd5eUFaSEdpaWg1YUN2SzFXMDJkYVJiUWZyY19FUktlOTIwYnRxMTgtMW0xS0pZ?oc=5,"Wed, 01 Jan 2025 08:00:00 GMT"
Chennai rape case: Rapist knew layout of Anna University campus well & entered at will - Times of India,https://news.google.com/rss/articles/CBMi4gFBVV95cUxOWDlSQUZtbndBUVNUSzJHWWJVLWd2anlsS0hEUFpDa1kyaUZjNjF4eDRKSHk3WkpVcHpfX2hfYU01d2ZjR1BKVEhNZTBRVGtaaVhESTBPX1FGMVpndFJOa2tielA3SGZES1hsMjMxZE5PLUtWRjJMdkxtNEVhYlU1X2stWWFvMXZ2eElZVUotME5HY1BlTnlaaUQ1MlQ2aTNaSERWSV9JWjVGVjZnZGdQZXFYR1k1amptaV9ET1A2V003cVRUOWV1MDVNR3I4STRRdGVCWmxoWDNfV2pJWXF5ZWJB0gHnAUFVX3lxTE96VGJLSHVEVFc2R19peWYxSjEwTXAwdzBoeXlkVDNmYTI5M014RFVrTThMWjZrZXJydlNqcktyMWI3Vjg5bWhKMGd6bnVEeGgxWHlGekUtYkpraEE1dU1jejZ1YUs4S25nVkJZS0xVMmVoaDRPbXoxTmk4R2hvZFYtWVZ6M2VxNDJGaDE0SzRhelU1ZFk4LUFmQ1VQUFI0U1dyLWpPYVQ3UnpKNjhtcGhIWTIwbi1Hc3J1SXYxWW5SYVV2YnYtM3l3YkVFQXhWcDlBWVZ4MU4tRVZDamUxNEo5NWZjRDF2QQ?oc=5,"Fri, 27 Dec 2024 08:00:00 GMT"
Tamil Nadu: Pregnant woman pushed out of moving train during bid to sexually assault her near Vellore - The Hindu,https://news.google.com/rss/articles/CBMi_wFBVV95cUxOUXgwalBFalhxenJWUV9tWTVmQXBMOE40VmkxbTFrazFFOEx0UUlpYTJ4djcxc3RfTDVyWWp4bElnTnIweWlNRlhsU3pTTmxSVEdWWEVvNHFiTTRxcEpmc1ZMRC1WblkxbnBSQkNjUDd5eTBzdWFaNXZKc2Rjb1hieXBCZllBMU5zaTljSmFOazdQSUpRUldVaG11V013blgtRDh5R2JUYUQxZ1JrX2ttazE1dmxTaTYzeXZ5NEk1cDAzOHNURTJPbmYwYlplcWFMbWdyV3hHUmxNM3lCbHFhSzE4STZpcVZoY3BkMXZlNURWVnRGNUpDaEVjc1NsVEnSAYYCQVVfeXFMTS1JN1NPUGViVDVEZVE1blZCemxDajBEVWlSb3hvRlpULThQWWFEaXdyTTg0RGRFUnVMU09XYWozSy1zMUlvMDVNb3hzbGNYQk5FbVVjMml1X3RXb0N2bGhZZlF6RXdSQ1Y0UUkzQ1R6NExOLWxmcDlnY1FFbkVXRmpjeFZuTU9iZjVmSTBEd3dCSmg5NVp0VzZGYzJzWVhUTmlMN2ZzaXBBc2JWRGFiYktuWVZjUUZlUE0tVHNvZHZGVkt3VEpTQm1OaUVMV3U0LXNBMFJOVTlnbXdodVl1cFZOSGVETHZVLUhaNEkxalJ6Rjk3d1ppNk1FZk5zOXV2MkN0VEVlZw?oc=5,"Fri, 07 Feb 2025 08:00:00 GMT"
Only one man involved in rape of Anna University student: Chennai police commissioner - The New Indian Express,https://news.google.com/rss/articles/CBMi3AFBVV95cUxOb3RvYmhiTkRtSVZlRnpHWUozbmgweXRaRkJjUmlrLXk4cnBkaVJ4ekhVaUI0NzRXNEd6OTZUZ2VGNGU5MXFjTVBuYzN2ZVU5ckJXOHhJN2FvOHJ3NHFKbFU2SkY2b1BSdFNld3NzZ0FsTFlyRjRfMUZ5N2IzR0QtLWxuZnNZMG9wS29pQzdmTEJ0UXVDLUJ0RjY0M0R4azFSMzdpY2FHWUNlU2ZRRDVxSTdxOHB6WXY4RENNclZYaFJUajF2MUFzRXp2RkN2dUl2NzdoUGFwZDZFcndw0gHqAUFVX3lxTFBpV1BKWjVLS2ZmdjJQOGJvNnRVNU5CajlSdmk5T1plYW4zLXlyNVNfNXJhQ29jMlRxNDRqWEdxN24tQlVocUdTNnBUeTdxaTREX0p2cU9oSnFpdXhnVDNDaEpaMTBEQ2R4QjJvMTdqanNTQ3YyUl8yaWFPVXVnZTltV1ZndkpfUUNGOHNXTndzWHIyeEhNbS1iOUZzWVlfQ2gwS3B2MXYzd2VjVFdxd25lZ0wzc1ZqSWhoMTJNM0MtZkdmTGFGNmtHRG5yNWJQR2NTcV8yWVVDYmZRSG1sMk02Q0cyOE1qUTRxdw?oc=5,"Thu, 26 Dec 2024 08:00:00 GMT"
Chennai: Cop beats minor rape survivor's parents; culprit not yet arrested - Times of India,https://news.google.com/rss/articles/CBMi3wFBVV95cUxOZEhoN3RoTzBXZTdfSlUwNjJmbnNrOUxlbVo5VzJja0sxN3ZTUU5HeUF0aTR0TkcxdHA4NXJzYldqdmVndlBQVVRLVlNzeHpINVR0aGdPeWFvVmRSMzd4ZTZ6aWk4TEg3dm5ySzBQeDBFdDU2bUg1enpLNjVCMHVZMlJZS1lrS0lEQjlnbEJPX3ZNVV9jbndQV2ItOFAxS1FaUk00LW5sV2FfeHMxLXVrU2J2czBFSktvVm1xWldkWEhpMWM4YTU4bkdfS291MWFMSFJoemtZT0lSRDRIdnhr0gHkAUFVX3lxTE1ZSFVFOUF6bG1WSG4yQ1BUTl9iRTV3djVRVVZOT0dZSk1oUHZ3WjhQN2dpaGdqWWlNc21IcFJmOWZteFBqZW9aNURqazUyNGhWU3RwVmhTZGNKRWxDMF9sU05TMDBJdHItc0VZcDRISWhoTVZmeHZXa0ZBcUhqVjU4WnFnQ0ljNEpnN3ktdHI5d3NTZk9BVDl4TC1TNUk4dlNmaDg4OEFBUnNONkNwVXhLR0VYTkF1ZEhkS05kbVREdTdGQ1VlYk9oMW1COHZmUUNQVTVXNzNlWmhYUmhGMGNYbTZOMQ?oc=5,"Sat, 07 Sep 2024 07:00:00 GMT"
Top Chennai Police Officer Suspended Over Sexual Harassment Complaint By Woman Cop - NDTV,https://news.google.com/rss/articles/CBMivwFBVV95cUxNdWU3T1k2VmJMV2dkbjJ3QnNVc29XdHE4aGRaWXpJOGVibWM3eHdvVjJ5anNvRU1VSzNtWXlpYzY2WkpmOHlEeG1XQlFWdS1aU0hOZzZJQWNvTF9Wb0hFenJTWUJwd1kxcG5ZWDhscVJoWG5zOWNMeDBfa0NMZkRPTGtSbzJLSEN1cWh1X3BWRXBrNjlzOGVEOEN6VGhrRHdlTkpmcXkzbDVzUVRsaWhEdzBVc2ZuNzdfcTd3Ny1DMNIBxwFBVV95cUxOX0tOWWtFai1SVmRneWw0UWZMNV9JN0NPWk5uVG91b3hfVWRSZWRyOC1nMWh2dzduMVBlZVJsYnIzRGJRSlNlaU5hSjBpeGdYb0t2RVRpWUZ4VUlEQWhrSkhfXzhsMlAxWDVGQVRabG5RUkI3VkdEWFdhMW8zeGZoZS02QS1BQlJubFZELV9yZzZDSkhfaXpCTTVqenJoYWtRTjRhZzFLX2liWTBqbFdLektyVWc5MEJ3eFFreTZKcDNnU0R1ZFJJ?oc=5,"Thu, 13 Feb 2025 08:00:00 GMT"
"Chennai sexual assault case: NCW assessed security at Anna Univ, met SIT - Business Standard",https://news.google.com/rss/articles/CBMi0AFBVV95cUxQbWN6VlpHdjlMbHpKZ28weWE0Qnc5SFh2d3N1aGxpOTRJUkxOSzJUbnpiaDFCRUJKdHlhSWNmVTdwUnlQdzhtWmQ3dlFFb1k1MkxjODBhc1FJOUtJUnBmRU41UHQ4U1NYMnAwdF9GOGhxWHI4cWhQaGY0eGVPRFlTdDlKRGlhQUxUY0NBc3Y5UUZOQmJDQU9hWXpvNTk2QjMtQkoybzEyNjZETEVBNTNwT1ROc1RfOTdvNDh1UVJjOFBhSTdVcDZtbGRFbE9ISVB60gHWAUFVX3lxTE5WNy1yYjVLTWJhNzVpRnJmeTdFNW9QTHY3X2Y1SFpfLXZVd2FVUy1EU3dLVXdRX0NnRDVfUWhPT0p4emp0Y1BDMi12cDlQd2NXbkV0YTVtNU1xMm9kZktkQU41REMyOG1KZnc1em9YQllnQ2dySFpLbkVQZjlLS04xUS1oa1ZsVjRkdWhKR1FpWl85SEUtZ01TaEhxTWl1TldjMVdwV0JNc2RyeG41Y1A2cnhBZ0RrdlNua01UbV9xU2s2akRacmpQLU5WejQ1R0lKYjAwRUE?oc=5,"Wed, 01 Jan 2025 08:00:00 GMT"
"Chennai Anna University rape: Roadside vendor threatened victim to keep meeting him after assault, took her number - Mint",https://news.google.com/rss/articles/CBMi7AFBVV95cUxQNXVfcmJOOGMyQ1ZTRFJCdTJvUW9obXhBNzRXV1o3bjItbGRJU182WTEyRHYxcXA5RnFWSGl1RHdpSjFELUFlZ0pTaEwwekoxZmFmbTRiMzJJZl95MktwcktMSEJDU21oNnc1YnhyeWxrRWdBMUZONm5BV3RkOWtYUDROUkZwSGRRWXREY0ZnUGZCam5aZFJ4SjFjS0ZzWF9WOHVMWWFoMjgwOGQ1a3pUQWNzaElKTVNjX2RDblFwVHhRMndibG5IWnN2SV8zU3lZMzFQeXcxZjRpVHFyNjRWTEtydXdxZGVMcDZTadIB8gFBVV95cUxNM0hHcWM0VmdscnFiUXAwT2I2Y0w1RFVzUTlaUVdQdEEwUGdUOHU1U25KTTE1OWpGUUJDQWhocnpzVDRSMGFVLU5VNU9raUZrV2M3OFpyUUN4NEQwRmJOOUE0a3ljWTBjMG1QMjVqWmNsQ3l5UXB6azlPNDdIMlpkXzhJdEx4MEtzTlpuWXdPNlVQdFJXY0VJVGtDRVh0RW5ySWUtTS1XWWpPTzZhSHM2dVNUT3VlSzVIa04ydkhuNUpBZldUUkptTHkwUG5tMGtLbk1DVkFkZFU5eW5sWkEwWFJYc2hGQklTUVlScl9WLTZvUQ?oc=5,"Thu, 26 Dec 2024 08:00:00 GMT"
"Tech entrepreneur alleges harassment by wife, Chennai cops over child custody - India Today",https://news.google.com/rss/articles/CBMiigJBVV95cUxOWkhlMldMZ1pwd0l3MmVhX2pXb2ViTUc4VXFONElFRE93eXB0SEMwYjNrTEdZZmVQV3QzMXJVMHZmcEh5M3ZnaGV4d2JMbG1MU0ZLOEZXM2t3UC1ON1Z3ZlNGc0pFX0NLY3VwQnZHblJ6LWdRTDBXemx0V0NUbFlnLTVZaUpEdmNLWDVaSVdQYlJyYkdVTk1nUUFXTEF3NzNqM25sYWtyVGRHdkl0U0E2cnVKS3MwY1dpa1hacU1TR01kTzlPTmJfNlBFTHRlT1RSR3hrWFY2UE9vdW9Vd3NMZVZrdnUzbkg2bGFhOF82RzZsUjNDQnYtRXhYSl91Z19CYW5zQ3c0S0haQQ?oc=5,"Mon, 24 Mar 2025 03:30:36 GMT"
Madras high court says unwelcome office behaviour is sex harassment - Times of India,https://news.google.com/rss/articles/CBMi2gFBVV95cUxQSnltOFJhSDA2TWtIY05sLUU0cmNqWnZKRG9sbEF5YThNUXZwbGdEQ2hYX0RVUFhEdUZVc2dGdzB3UFoxWk9zNXhGN3pCUXh4aWZSc3lCN1drRTNabXUtUVhiZW80LXgxYk1aVnVBdGpUb1R3aXJSYmZ2LVZEUWh2OE9NbmxCa3JwV2IxcVI3bFAxY3JaamM4VTgxZ3VYRnB5X0tVSG9lZG50QTRJRU9zaGdSNmo3VEdxTlFxNi1aZVBMTGxablhOU3Jud2UxdmxBZjBJVEVlb09qQdIB3wFBVV95cUxNWmVwblo5S1pCaTN1UVk0X1BsMS05WUFXM3NoeWw0em8wTExVeWkwenBIcTJrZWh5NGJleUotV2I3SmJNdnNSOXpyRGtQb2Rnb0lQa09HT0pxeTBPMnlXYl9HRER0Y1hYUm0xMG0zMF9pU0xfRDgxSHZpaURuV3ZkVnBoV2ItaVRFNjd4MnktVzFQdEFmN3ZGbDJIWkJ4cGRSalhKMUxHTWdMVDI5aFBLQ0JwT1JNN3ZvZmQ2dnBibG83VGtVbTFHX0JkVVlfSlN2Z2RLc1hIRncwM2ctWDZB?oc=5,"Fri, 24 Jan 2025 08:00:00 GMT"
Chennai top cop D Magesh Kumar suspended after woman constable accuses him of sexual harassment - Times of India,https://news.google.com/rss/articles/CBMi_wFBVV95cUxNUEJlZEJZT1k4QXdDZndURU5HTFFhZzM1dXk3ejNOdm43aE9DZi1RYVFFNWU3NzFRQmRvaVhycmlSUllpTk9pQkFCQ2l1WGpFT3haeWxUMzlXRklkbmJkN0F2QXhlc0NQZlB3aDR0cTRWcmp6XzViS0NqVmwxRUNWZk1LOWI0am5mVENTdThsQUVBS3hqamJHWTdrakxNSFFHNmJDSHVjWHoybkhwdmhWY196X1pTMXhsYzdMU1AyLUc2SUxfTG9ZakthM1ZLbmowYVhfRFZjWlBMVEx2QnkyZGN2Tmd6WVhIdWR5SWdKMktLWGZMYllUU1h5TzBTZVXSAYQCQVVfeXFMTWRPMXhoejAwaWgwQUN0c3dHb09LQTJxaFYxSmowbkVxbmNtay01QWxtdURWZU9XcjRNSFQwS0FTNmFzTVNVNUszV1FQb0RFVk1GS2lJZXRoVi03ZDRUZTk0UzZicGxUcHhtemdfSW1jNDBxVU5sZjNxMVF2eTNhN1RuTXl3clFueVVoVGxub2dQekNkZHBNblZtbEdESE11MC0zN1Z5NjBVNEZzYzNUQTBQRVEzdWFXamFRUDVHTGxWbFNJcUZGREwybTQ0RFpGREg5a0RZZHF2dkRaSldSZWwtMG55eElSMExVdWxYRnpkTEUyZGZPNXV3aUVlcHBzalFCaWQ?oc=5,"Thu, 13 Feb 2025 08:00:00 GMT"
"Pastor, 47, arrested for sexual harassment - Times of India",https://news.google.com/rss/articles/CBMitgFBVV95cUxPaFFPc214RGwtVWtoWDVQTkphOFBfc1NnTU4yaEQ0RnRBdUtYTmN2aEp3Z1RFbGtYajE0WDhGLXRQU2t3Y0NBUkpoYVQyZWRoMDhWV2pVc0VCcUNrcHJEODgyVVlLY2VOTXFfRTV0MjNyLU9oaEZHV25WWHUyd0d4eDBtM0R3d1VoU0psdWh4eWV1R2loZ0pMeXFoVHc0aUd5UzlBbEUtd1JfMHFTZGd1LVh6VUpUQdIBuwFBVV95cUxPU1RjaExTeVhlbFFJa1dJVWRIc2JHRzdYM1RiLTREZE5QbDEwbWZ0WmZlVjVqRVRKU1MxU2NwWGs1THFXZy1DV0FROXllcno0OFNSU0xLQ1AyMGJTS2tIRUhlcXJpbVhmMXhKNGlrN1RPa1ZpUnZYVnBQUWVTdFZlcm5Oc09pSjlVeUhHZVltZ04yOWlqRjA4MXJ3a2dYUkZGRjVWemZ5bkY0ZncxWVZkMWpIdjNrd0JPdjlN?oc=5,"Fri, 27 Dec 2024 08:00:00 GMT"
Anna University rape case: SIT 'harassment' of journalists over 'revealing survivor's identity' widely condemned - The New Indian Express,https://news.google.com/rss/articles/CBMi_gFBVV95cUxNTFVjZE4zOGFuUnNqa3lhSGxnVi1aa1Z3MTdRb01ESUFhVWFaeGNodDdhUjhyM0tiVFJpMk0wRldmQVFTU3pDbmJqZ2h1aHpteGw3T0ZhdWxtaE9zdzA5MFdHWDRXSmgyd1ZlcTlkZ0ZieVh5NEJMaFFXX21YS1dHRnlCak42Mmt5c1dtRnAxdHlOdHliMFA0eVFJSXF0Q2VjLUVkeHJrdVdvRjlqTm9hdjd4aXloREkxT21tZlVwRjF1dWRER2JmZ3pJWkEwUVZVckRzV1E4R3ZFaVp3cFJwNXA0ZkJJal9VWGFmT0tZU2tWQ29TejU0ME5aUHUxd9IBiwJBVV95cUxNLXhpMXNxUGpYb3ZtcjhRb3dsSnBGaDdhT2dxOEN2ZW1hX05YRlJqTWRTVHJHTExyWWpCZW84Vno5b3JiRHN1cXJGZDdqYkUyanM1VW9MbmMtakNobjhSWjJ3MjFqYWt3QjRsZTNlb3VFU1RZelVZdEdsaXdpVW9qXzcyRmEwc1JIamw1TGdvWEhoZXViUE1rbmhjZUstTlczYXF0d3BuM1VBdFFXaUpfMGV4VktxMm04STduWkI3R29yZVpHXzhhU3FCekVmLTVEWXAzc0VWUi03X25qTEE5T1hRQnlHbmxSam4ybVVNajNCcFNyUi1QSVhxLVNRRVIxeHNxTnlKczBRVTQ?oc=5,"Mon, 03 Feb 2025 08:00:00 GMT"
Chennai college woman arrested for her involvement in rape of mentally unstable classmate - Times of India,https://news.google.com/rss/articles/CBMi9wFBVV95cUxQYU1MWURkZS0yZzgtYzBlMGxEUllESF9Jc3UwX0RTaUJ6dEx2TGJRTkU2LVgwZURWSm9VNzNiNGdGcGhPMDBlMGN4NG5UbGx2aV9xa0RMQ0xMUE1rMmZ4V0FpZzl1dGstVjA3QldHX1RkeUljVjJCcEJUeW1mM2E0eFl0cHIwM3N2dDJBWWZvc0FCUmRkQXY0THZMd3NwMXRta0lkeEJ5N0NwMnItenNsekllVEFLZXVXWjJ4MzdncjRIZTU3Q2VGX1RUNFdZZnB6UUhubmdaUkRpLTVMNTdrNHh0M3YwS05TMzctMFRRQ2RjT21sbWhR0gH8AUFVX3lxTE8zQWxRaXBkT0llX05PbDdkd2RLR1lvcnNfdzB0QXRXNUp3anNiY1hlR2lyWGRJaGRWbW5XMmxOeU1hQm1KT3dmZ0ZrZ2x3RTZIQkJzSFVYRnJWam5vWDJCU01qWkRmSVdYOWxKRGZnOWlkZWliNlBvT2JqMjJ4bmNHa0diSnZCbzR2WjQxeTN2a0pPdG9ZcWlLdlppOE9VX0xtUEw4RXlhc0dYVDJqN2doeXh6MGhuZDZfOHV5eE5kV3h2VFNDcnIyNDhZT2RTcWFTVmdCYWRNZllOaHFDaVdlT3laZ2tjeGw0QkVDd0NQZHVKWWppOTRVczJuSw?oc=5,"Tue, 07 Jan 2025 08:00:00 GMT"
"Chennai woman arrested for extortion, harassment in loan scheme - Times of India",https://news.google.com/rss/articles/CBMi0wFBVV95cUxNaXZBelpFM2NkX3BmbWJwLUlLVDNSVHZFdjZBM1EyOHo5NmZkZmt2UjBKLXZkNjcyRjN1UlQ1UFk4Nzdod0VYZ1FveHF6YnJFT25pLXk4cjZLUE1aMHN2WE1RRTVZZ21EQjVUT053Um9feGh2LVl1Mk05LWpBdnd2YTJfRDBQS3BCUGxkTWVFaW5rQVQxYm9VUzVKTUZYelZnM3laQl9fLTZicTJ1TjBCeFZrRGx4ZDlhckFwX3VDQnllSUgyT28xdVlsQmstUGV1SEtN0gHYAUFVX3lxTE9YRkhJV09XLTY4b09Vdi1mNEh1WWpSN1lRZTZRSGstMUxiQU5WYllKNmd3dExDWEQ0R0RSNHZxUUoyMlZaVHFOaGl2cWdhWWs1ZVZuWkFlVmZJaFBsN3FKMzAwcWNkZlJoQlBOSnBhTWVMRUdXQ1BHUGpKb3Yzd21xdXdGdFhvQWZTc041X3VKaXdnaXprYlFndENvc29YYnB1a3hkbzVxczE2T1Q0QTdWRFVmdGRjYVlZLTJSZnFaUzRwSmVteWlndXhud1gzclRRZnRfYmNDOQ?oc=5,"Sat, 22 Mar 2025 07:00:00 GMT"
SC forms SIT to probe 'objectively and fairly' Chennai minor's rape - Times of India,https://news.google.com/rss/articles/CBMizAFBVV95cUxOYnpZZWdxY0pob2FOYjdzWHcwVHk1U3R1eU9sTkVxZ3MySGdUM09CZm9SZWxvdE1GbFNUdmhrVXFnQTVER3hCR05vVklROUhsUm85dDlyalMzRWtxS05nc0xMSE9iSEFOQkd3S3dteWFrckZBYWZNWGxEY2s3V1BMcUdyQ3pjTlVFNEdjOUMyMHM0TDY1WFB2SURnU0lXVzN1QjJkVHBHdGJYWlZSR2k2LWNBS2xiOW1jbk9XYl9IOFNDUWVzNUphSDZ1NGzSAdIBQVVfeXFMUEJPNWZfQkZWOXJSeUpOa21Eb1B1d2ZjWVJCS2RNZmZLdkw0TVVWeUViQUtjRElLQ2NGVVM0M0pMNGdZdk12VGdTeWl3Qng1Q1hIWXEtZm9aZ09hdlcwenh2Z1c1NHh0NE80SG16R2JDM1c3TDFucE1UUjhQbFhCQlZpRk1mSy1DaFhpSjdhRXFyZkotd3hZU1kxRmZmY2o2RTZFZGxrbV9Va3pfQkExd25xWkFiSFY0MHBrYlpIZEtzOHhvWGdyRjZrNHNGeDMzOUpB?oc=5,"Tue, 19 Nov 2024 08:00:00 GMT"
Sexual harassment: HC upholds ICC findings against IT firm employee - ETHRWorld.com,https://news.google.com/rss/articles/CBMi0AFBVV95cUxQZERaaGhucEZhUXExZnc2WDVVXzlDLVhkNzNjNkM3MU92Zm52b0pVNUpHTWlSMnI3NXRDTVRlVnRsQ0RIb0hfZkk0cDB5VTM3aHRhTzlhZFpGZGtRWGxwc3FsZUJOYmR1aV9KVk1DcklxYTFrTDBwYVZNaG1aWm9YNFRwejNKNWJFbzMwc195YW5PYXZjM2lzejB3bTNHZkE2QTd6bTZwU3dqQ3NOOURrYlZITnpxX0N5UERHTnVGYm43UFpJV2tfYWVlaEZaZ0lY0gHWAUFVX3lxTFBLZnViM3NpcWwtODBWOUlCWW5iLTMzdnNCc0Q0V0pWaWZsR3lrUUMwdXdTWXNHZWRiMmIxMUNVWTJWdTZjRE5US0pVVmZSbENvcDhpQXVHUno2T08xTk83bVgweU1kb25PbXhBNV9ZV3d0SklJZmtzaHB3TDBQb0VLdEUwN3NyUGFJZl8xaW9wWkd1Y1Y4Mm8zZFJXbmhZU1lTUTlCQkdLekFRMm9aSEZjRm5YeXVlSjc0RDgyOW1ZV3dUVlRaakVxN3JvczBVejlxU2ZlQkE?oc=5,"Thu, 23 Jan 2025 08:00:00 GMT"
Suspect in Anna University rape held again for burglary - Times of India,https://news.google.com/rss/articles/CBMiygFBVV95cUxNeUZ1WUhxLXdjYng2UXhQSl9KZ3doT2FfQXEycU9ScTBHOHBPcnh5N0RtNTlDdEtjd19tSmtWbTc1Uno1ZlJoQnRiVHFpMDdhZ0tyOU1rYXItMkpFZ2l5aXJLQWliV3dDMVJfcGs2SkVGWWhaUlRNWXM2QXplSUJkZFZMcEgxb3FDb0lESTFfR3FLREtOSmlPUWY2czJfeC1GMWQ5QVg0dTJZT0pyOFk3dVN3ZC01T2otQ0hubHdScnhHbEJ5d0swRDJR0gHPAUFVX3lxTE9RQjRrOXpDamdvMkJiRWVmb0MydTlUOGVlZHJySWt0eFdxNHVRSGlCUXlrWU9uQTBSSlNXYmNYc0V3bkdtVXowcXNJN19jWnMwWkI2cjhYcFh6Q3ZycFpKMHBUd2NFZHEyRExfRVFDZ3A1Ui1pT0pmSy1LYk1XaXFMMGpRN0ZGLWh2YXNWcFRTWmQydTJJVVpzTU1NcldmTkhsUEtGRjBfWWtqYVRtRzVnQy1mY1VPYzZVYlVKRUpXeGlaekdtT0lrU2hHUlY2TQ?oc=5,"Fri, 21 Mar 2025 07:00:00 GMT"
​Without warrant: On police action and journalists in Chennai - The Hindu,https://news.google.com/rss/articles/CBMivwFBVV95cUxPVTBCaUJETDNwUmx3UlJWUUh1WHJ0eDl1RGZRN3dQWjM2a1NjX2wxQ2d1VFcxRERzZUNGbnVBNkExWnl1ejlMbVNTRHFwbmktOXZWNi1MckxsN21uQTdvcFJSV3E5dVZXYWY1Z2xWd2FDLV9UeFZQMGVCZXZrdkxWVk5Ua241R1I3YmI0Nk9NR21IOW1kUFJjWlBtcko1amxCcXg2WDllYnZJNUNNdTQxeFQ4Ykl1aUFfekFtX0Foa9IBxgFBVV95cUxPejRpWmZEMkxGU2RubDdacHV5YVJYTXRrMGt1Q3hJWm1rSFJaQTItSnZpX3lCeDRqNFJTR0s0aWNWWUdsSzJCUHpJUjQ4SVJrd3pWVlVEU3llQ2dMbnJNRlJ5OGtOekp0Umlka05ybmdicml4RlFPbWhjOEplMjlyTTVfMEQwek91c0Z5dDduNEJmM3dmb2p0SmJJM0NQMFNtejBPbkpkVVVDT2pGUTFlSi1Ucnc0U1BCeGlYQk12dkpyalc5eXc?oc=5,"Mon, 03 Feb 2025 08:00:00 GMT"
"Tech Entrepreneur Alleges Fake Rape Case By Wife, Harassment By Chennai Police Amid Child Custody Battle - Jagran English",https://news.google.com/rss/articles/CBMi3gFBVV95cUxOM1FCcVA4WnFvWjNlbU1tM3pjMXlqZWlrVEtWc2t6ekw5aUdNeGJ4di1kTnBvV01vcEpyM0tKbXhhUjNTcUltZl9YWWJmVm44LVZacDBqQnA2aXJ3UDhYNEJNRzdxc253Z2ZLY0VtUS1lZmlHbHprbmM5TFBiMG9XLUFvWHcxZHFJWFBSQ0tQZThMOU9Jb1huQlFaZWpyT09zRnltcE9ESGpfSmZ5Yjc0QmRPYWI5RWJOVF9na2pjaGxQSzRtXzg3ZDFLVmdVWEhxOWtTMWt0Qno1OVd1eEE?oc=5,"Mon, 24 Mar 2025 09:11:00 GMT"
"Minor rape survivor's parents allege assault by Chennai cops, police deny charge - India Today",https://news.google.com/rss/articles/CBMi7wFBVV95cUxNTm5tdDhlclFGanJSaUFuRVl0cFE4YUQ3S3o1SG9BYndhRl9Jd0J6TGhTWmo1SnN4VzFtVFA2OGtqcnpuTFUxdTNrWnNNV0ljclZhUXQwV1I5ODZtU1R5elZpZXM5Y1JnTlQyMGY0Tml2UG1seFlMVGhyMWJJX3JSLXFtX3VGcmlselFEOENFb2dhMVlBUDByd2VJX3ViMUpBRnBYUVpwRmRKYVVaYWg2ZmpiM1o2X0RuLWg2STVCbUZUZzhoZFJMY0kyMkY4RmdUNXBMc0QtbHY2aG9xaGxDREdHWnlNcG1hRE9FZlNXb9IB9AFBVV95cUxNbTZKbVMteXVqc0JQanF2Zmk1ZVh1aS1vcmsxdnpKQWV3MGRMSXNEWmtSMmo3Xy1VNG03WEFJNWxvYWpacGlUTV9ZRTgzMFhXckstU2Q1WXFPSHR0eEdrQ0ZweXBEMXBhRjZENXBaOVozbzZkbWgxTTlKMzNhMkltQ0txblZabnVYWXV0UEUwa3JpNG5EWkRPR1ltRk5FWGVXdlNlZnRYQWhYdWgwSXFFMm4wQkdSMmFLRFFfcDJKeHVkemZWMmFZNFNkLXhCT0RPMkljSEVubmxyX29qaEdWT0gwcGh1eTdmdm94aldkQmFqY1o5?oc=5,"Sun, 08 Sep 2024 07:00:00 GMT"
"Anna University Sexual Assault Case: SIT Under Fire for Questionable Tactics, Journalist Harassment, and FIR Leak Investigation - Frontline Magazine",https://news.google.com/rss/articles/CBMi4wFBVV95cUxPdThsRG9NcWVlTXlteGNBd3ZxdWdqSjNlaHlYSTFLRXc4cVNtODlLSjVWXzg0M1AxNXd5dGcyZEVxZmxzQlBROVQ4Z0xkdlp4Q3p4U2VOLVlYT1BXOFhzQlNHVXhUazlJWERvVVlzS2w1Z0FwTGxHeVFia0JYM0QtcWlDWEJsMUE5ZzZzbGJTbnRIeThudnNrZUFsNGw0cjI1ZzJHb242MjFkTkgxdWR4YVB4OGJHNWZWekxsRU1lZFcyalNFMTJENU9DZFFSLWloQVlnNXVxRURrN1g0ZWhVOHZ1Y9IB6gFBVV95cUxOcU53dzFWVkNleXBVSXFSR0MzUUt0dzlCdEpxX3B6TlFUbkxPZDBwcHcwZnhvV3lBYmVTZzZfZFp2RjR6VkpUbnBBSTEzaEt2dkhLWTMtdzh5NTNQOFpINXE0LWNQREdjSmtMb20yX3JTMC1mZjZlUmpRZzFBenJVUUJ4MTIzdXNuaDktRUl2WWxqQUxiTWk0VnBBU254dzgxZGpqYml2ZWhrNURSVUVGZnZLWjd2RVloN2wtWGRjYTNNSXk3bUlkZW1KNkhqcDRkcFVydG9mekdiMUYzNFZsMFltVlB4c0ZJQVE?oc=5,"Mon, 10 Feb 2025 08:00:00 GMT"
Police open fire at rape case accused in TN's Krishnagiri district - Times of India,https://news.google.com/rss/articles/CBMi1wFBVV95cUxOMVZvNUZ2WGFjRjYyVDJtNzk3MWVlRlpwWWUweHdEVGJDUXhsSDBNY1J1VVVQbjk3eWMzNElmY0JBdFM4OVJiUWJXN0tLSEpGTDIxSFpYd1V0MDJBTnRqZVdSTG54ZnRob0dsLXN5cnZZVGduSWNoUWJnbko3ZTFRU25rOG04eGc3Z2J1X2xfY3hVZzlVekIyZzNzVHZIcFdKcmZMTUdQWFFuTU1ybnRQQ2ZPa3dQZDRFUllhSjRVNGlEbGpFcXJ4U19FT2NkNlZiWFh6bG1HZ9IB3AFBVV95cUxPeWpob2xBOXpWVU0zamRlZ2pkS0dmNUhPTjJvN3VSU0hHRXN1c0czQ3ZfazJjQ0pLb3VWX2tuc25oYndOaEpHRHo2N2tPNk1lZ2J2Y2tVbkFyLVhIanp4c3BKdnZ4alBjMXpzMVcyVVVRaEp0Smt1ZkNXd3U0YWdQOGd3bzE3TEVyUkYyVDN0Mk52UjZYSmdJODYxMHBkN2pkUWdIeFgyN3FUSmhLZXBvai0zQklkUkVodTJwNk1yc083c0xlWjROelRMS25vejJhY2pJak1jV0VTWVpi?oc=5,"Fri, 21 Feb 2025 08:00:00 GMT"
Senior doctor held on charges of sexual harassment - The Hindu,https://news.google.com/rss/articles/CBMitgFBVV95cUxOMGxSSnlMYmtwLUlEYjRoeEdGc1doamVjUkFkS2lrWkJCV3FvMWQ2eUxHemt0ZURoY3FkMF9tVldMWEFKMU1iQ3VRN3BydHg5NEJKd293bXFQb3FQTnFnUzdzVDYyYkg0Ry1ibkNYSFZEMmU1ZVpEMU56MDBwRlJiRXVkUm5kSE04d21yVUVyakVkcnVvMmxqMGJzT2RCcjZJMTdhMGpPTzhfOU93N0kyRE1uNzJud9IBvAFBVV95cUxOZWF5UUR4ZEQ2Q1M3SFNWMFRPS0VpWnQwNnE2cGhWLUNkM0xPTHU3UHVzSGNXZG1HVjc5Vkc1dTVJUVcxaERqVm1lOTk0MVJtU0o1WGZZWDV3aXo4b3hJQjVmLWpLNnU0cURkNERnbVo3RV9yUGRHYmxnQVJQM3NOYVpRdERFcE9qQkJZd183TEFDQkxVLWRjdVpCV1pfOE15SDEzRzNjV2lZUW93bTA0RGo1eDQ0Zk1mWVJkcw?oc=5,"Tue, 22 Oct 2024 07:00:00 GMT"
Chennai Cop suspended over ‘sexual harassment’ - Hindustan Times,https://news.google.com/rss/articles/CBMiqwFBVV95cUxPdlJaX2Z0QXBRa01NMVQxeXlyT3BrcnhfMmtBQmE1YXZsdXdUZ21rcUMxbERKTlJTUEMxcWpnWVEtOFZtc3EtQU91VTVDQ3J4ZDZ1bUlsVElnanlDRUk4YUg1d3VWenRzdzhfQ2NxV2FOOXFXQ2VGNDk3RXNKc0dZU2FyWEF1bFp4RVp0TFhsN0pLTkMyeERKSUZyaVZzTGN2MlhZODF0WGk3bXPSAbABQVVfeXFMTTVqYnpnc0ZkVDNWcFNhUEVIejBIb2xtTGV4anVQX21WVUhFN1RRcnJ3dkdMcndhYTlWejhRODBDMGk1V1ktbHVMcnh4NGxZVEFnU2RWNWZwLUROTjRSWGRjRUdmYTduOHhQWFFOOVNQaTJBalFadVpMNjIwTU9JYU9KZmF6bzJTeDU3MjkwZ2UtYjNXQ0lodUJJeWpTWGZyRElPNmduODRYWVhGdGpscnQ?oc=5,"Fri, 14 Feb 2025 08:00:00 GMT"
"18-year-old West Bengal girl abducted, sexually assaulted at Chennai bus stand - India Today",https://news.google.com/rss/articles/CBMi-AFBVV95cUxQdml5LVExSHZTTTg2aDZyUWYtYi1TdlVjZThodm9pVHA0YnNyQkxxOGxPb2c5b3diOWppM25QMGQwZHl2dEE5N1lZYWpYRWlxODlVSU12U0JWYVFLRUtYSlRCa0RSSEg0T0xGVjBtU0hieFNPS01UZWV6TnpvcVJBYldwRE94dGx6QTYwNVlVd2hHN3FFWkFSSG5WSkpURTRRdE42TWRHcEFZVHBraGkxVzNjZTcwOElwcWlfTUQxU1pCN3JkOWduQ3Bzb0NjVlhidS1jREI4cUNpenp0NkFTMFd3SzN1TDdkNF9fU0ZfWW9RbW1YQ2c1R9IB_gFBVV95cUxObGdpelVLclVuTzFKQTBZekZuV3h0enVWRnFKS1YxeHlVSk5YVFNYN1hkdGljXzBiQTl1ZVN2U2VJWC1tTGdSUVdhUm5jQThHZlpqLS0xUDFWNnpvclJHT0NBc0FJWEZrMmM4VVd5MUVKUnYwcGFwcXM4Smo0ZzlFQkZzZEN3TWZaSVFUd3U4WXNjS0R0d05IU29OTHJycmdSWVRTNGlvWnhaYTVGVjRZb0JKd29EdW5fcFBWV0ptNXdRX0VqUnJEY3FrNVZKQ2MzYTlpMlJxWnFCWi1fMk54S3JWVkZsWS1hLWY2dDNOeEFXN005eFF4RDRkUm5PQQ?oc=5,"Wed, 05 Feb 2025 08:00:00 GMT"
"Video | Chennai Techie Accuses Wife, Cops Of Harassment, She Calls Him 'Sex Predator' - NDTV",https://news.google.com/rss/articles/CBMiqwFBVV95cUxPNWgyTEYwdUJNTWNqOWJlbkhFblNRUUdKS0M1NzJHa1l5RFJZbGNLUGkzOWVUY3NRUXZOb2RfSW90U1QwOWVJUnAyMUpFUTkyUzZ5TkRDLU1YRFY0N2NzLV9vLVA4WWZQaFpZWWxTQUYtaklSbXpnS1RQbWctNW55bmp3YmRVb3k3RUlYc09QemUwTzJmR2g3Y1E1bXdOQmZfbWFxSUh2TnRKWDA?oc=5,"Mon, 24 Mar 2025 17:46:33 GMT"
"Anna Uni rape case: SIT seizes journalists’ phones, Chennai Press Club slams move - The News Minute",https://news.google.com/rss/articles/CBMiuwFBVV95cUxNcWxPcTRRdjlyX1kydW9aRHhFVTVLM2xhRi13QldDOWxQSWQzRExYY0x0cDZDZVRxWDJ5cFZHVGt4cHFtaTBKZG1veUQ1eUJGOTdubG5QZC1IcDJTdDBkLVhtcUdKUV9JWDVIWHBkZERtRGRCOHluVTVTVmlQRl8wQUZYS2hUUklHb1o3S0sxMjlyemFXOFFGSV9tNHRrSXBLNWJPS2ZzTDJSeTJTR2w1ZkpqVnJwUlhZYl9F0gHIAUFVX3lxTE1HNTVfZUR5dHJfMjlYN0ZHaXY1aTZPZ2RibUhmMEwyUTJJX2dGc0l2UmFkeURseVlENXZ0SU5RVG83Z1N5ZzdUVVo1dnhOSmRrUWRjWGtpTEJGNWNaXzFHbE1Rdlg0ZzRuYkhubUJDTEF6SU10cmExYkhqa0JYNm5DSS1UQUg0dko0dnVsbnZKNmlNaVgyd1Y3R2Iyc3RZUjhwZERPSkRub0RuVW1Pck9pVDcwU1JRX1pzR2xPU09VemFUeV94ai1Q?oc=5,"Thu, 30 Jan 2025 08:00:00 GMT"
"Custody battle turns ugly: Tech CEO claims Chennai police of harassment, Rs 25 lakh extortion demand - The New Indian Express",https://news.google.com/rss/articles/CBMi7wFBVV95cUxNOGtqMmdreTZDTzQ5aWsyY2hwOUUxVVpVWElXS1ZmLTVjOWlBa25YdjRTOXVyUU8zSTFxUHNLQl9YTjV3eTV6N3lCX2FRSUxza3lDREtQdVF5RWxKejVfVXFQZ25Oa1NIaU5PeGRNd3JtNF9pSWlkdUZBRDZPd0x1T01qc2U4SmxfZjk5TjVjS3dvTUwyb0VBVktnVGhjRU0ySm5SWVAxZDdXT0FSaE5yQmU4VWhzMVlYbURKMkktQUNwVFNfemZVUHJaY05jUWtUb1dOVF9PblVqNFRFSnh1MkQzNldncXlpd0hzUHN0VdIB_AFBVV95cUxOR2IwNmtTX2tMdFBkeXp6d3N5NWlDYkJNZ2lyZHZydDVPV0tQZThzSFBFT2QyVTh5bjgycUJaU05hN09sVWo2U2ZDSHBEWlFiVWZrZWljamM1Vm5mMXFCYnZTc0RWNGQ3aUo3c2xSQ2Y3Tl9MRE1pR2ExWnVSRW1YMFJfVHZQLVFBZ29fQXR2TkRZeFhucXYxdjFobjM0VENCY2V3blZsVWRudklZMnFxNU5DVFZCcldodVJkUk9RR3NZM2FRZEFxbTJMM29HTkpPY3lTVnFqOVhXeTE5aTZseXplLWRtMVRFSEdzS2ZtR0NlSnhfNEdHMkdlcWU?oc=5,"Mon, 24 Mar 2025 04:50:45 GMT"
"Who is Prasanna Sankar? All about the Rippling co-founder who alleges harassment by wife, Chennai cops ov - Times of India",https://news.google.com/rss/articles/CBMiowJBVV95cUxOYnNURTBSUS1oaXRSbmxoQXdnclVLNHR4WEFaQzAwMkdGbkpQQ0tPM0xENjJEZVdYN3BXWXZKejA5U29DSHROaFJQNTV5Uzg1dElDTHJUam1sMVZtY0ZHcmI3N2VqQ2dZT2JoVTdSbFBhLVp5SHNNbmtUd3ZjOEktTWg4MW5vZ1hNV0dSVU80eHNNTFJ3OGJ6LTBIVmU4c000WXBqNzZjdTE1RUNQS0NfbnFidXozVlFzdEZVekE0VlllLUxKdlhHVWZqU0pPOWNmSXg2OGt0dnBsWkJSN0Q0d04wWHVfSGhLVVY5TkhiMDc2eU9BLURabnZCb0l3cVhjNUkwRHAzc2ZIaXY3d0NmblF3SHBnY0ZRdHhuYWVvZGtHY3PSAagCQVVfeXFMUDBOcWstb0NRMVN0Ukk3QUxBWVR2aHZWSnd4WW5EeC1ndjhIWUFIOGdSV0RZdVhsNG8zRU1IY2dJZ1U4YlBjc054Wi1WLURBdVZ0SzlLVF9xV2VjZzNiREJQbFVackNDNDlIUWZNVF9RWnFHZ3p3TVdINVJiSDRrTklGanZienpUTnBfQ2J4MXdhQXVwNUZON25zWGx2bDBZbzhkSzhMdmJXSElqN2kxVnBEWnFmeGtsZnJya1VmSUh6WEVGQllTLXBoSHI3OEVpa2dkSUxIRVJmYWhwdXhJMVZ0Qkx1TW9uRWRHVndxSUJFRmFCbERPaXMxeXBEWF9TQ09ycHljZmtUdGpXanJ1OXc5Qk1IWGlsYU1RNHpWbmljVkVfMV94am0?oc=5,"Mon, 24 Mar 2025 07:35:00 GMT"
"Any inappropriate act with woman is sexual harassment, says Madras HC - The New Indian Express",https://news.google.com/rss/articles/CBMiywFBVV95cUxNcGIwZllmZVcxaVZ5V1MzNkJ5VXMtU21ERXljdHB4azdsQXRVYnJWa3hpVXVjc2x6ZUxqeFIyUFo1VDRBMHl1anZzQ0Z6N2tLWVFOV3N4SUdpaUJtZFk5OHAtSnE1bFRGaEhlTnc4UTJBSU93aERoZERLVUtROFRqelF5VDd2T3NGX2ZYdXZ6SUZHRDZGaUJyY1luNmdJM1VWU2VGNTZOeVVvWUMyTzdhU3g5R3FnN245WEhuSXljb3EzWk9GbVNhMUNsONIB2AFBVV95cUxQaWY3X2pldTJuX1hacjBKcUt1M3B0ZVhsZWR0WU5SOU1WajllSWh0Ri1OQVRVZURvcnEzUzNJenhEdWtYM1JKZnJmMGMybllXVTlHb3VtaXl6d3Y0Vms2QVpiQXRIempHUlVkc3F0eElTeEhoSmthNVVoampoMXNuSlF2WVo0RTE0YS1MYVo4YzBnbk5ORU1vcjRZQ1FfMURDU0xCNVFSdVAtQlNBdUVOdDFMMGNSQUhZN0lRSEI5Nk9KOTlsNEVfTlhvUmxZVmFmbXhsbDllYWM?oc=5,"Fri, 24 Jan 2025 08:00:00 GMT"
Senior Chennai cop suspended over sexual harassment charges by 2 constables - India Today,https://news.google.com/rss/articles/CBMi4wFBVV95cUxQaFU3c2lrdXk4NkxtZ1BZSExURE01Zng3aVJQTi02SFl0YXQxSFRrTUZVUHlLOEkxMW0tZy1GWGdCb1VTODUyYXNfNFdyeTFDRFY3ZDktSlBHSi1hdEhBOVFad2liV05qZUYyc011NjZHWUJDWVB0NDQ2cEpJMG40UjVVY2dOVkVMNjE0NzdLZDQtRUVieUFnZWotVVh5b3ZtTWE5TzFtSnUtdFlxQzlXeXdvT09OZHdabkhzclNpazdJUWNJcnpwUi1NTW5YeTRJWWl2LUtJS1lCQzgzUTFvSy0xMNIB6AFBVV95cUxPZk1PYjlzMG1kcWpUMXBkWUlwQy1ncmU3VWVrS2VJVVV5aFhtMURBRkw3SUhDQXdxeWdKR3JGVzlkeVdKRllnbXdhMjZxMFE2Qk5jOW1ieDFKbFBVR19jU2RWTXZ0OU9UaTFuU3ZMMjV5MnVNSHZaXzNQUExwbzhnejZnSlFNMWhQTW95Um45VmI0eHlEV2h4WU9WcV8xbGF2N0lPdXBydFRGQ184aEkxMkc2MXhrTzNqQkhxbmd3MkZkbjk0b2dBU1JfdFB1R2VOdDZEWTMtbVZ0Wk90QjJiWkxOR2puRGEw?oc=5,"Thu, 13 Feb 2025 08:00:00 GMT"
"Chennai child rape: Madras HC hands case to CBI, lambasts cops for assaulting survivor’s parents - The News Minute",https://news.google.com/rss/articles/CBMizwFBVV95cUxNNnBWR2RXd25yUFU2VUt5ZjMtNkkzWGNtcTBDZDdiSkN2N3JLSzZOLThaS2tUM21NUFVsMU1KdEdOWXlFV3A4Si1pVW9xTUNoay1aVk5fMjl3SHpnUnRmY2RadTRURHFydTJ2UU4wMnRpeVR1dC1mOXZsUG1kMVZmSmQzVkxxb01Sb3BtUGlhQlRnV3FKMjkzUm9pVndvYTBBcjgxdzRSaE9xcTE4MVByZlMxVFJZSVdtRzlfdWFqUXJhY09IVWVwR1puZzYzVUXSAdwBQVVfeXFMT2NLLXdRckVLV0pQSDB4Yl9xckxzTk54NmU4b0xXYnEtd3hvNjBTRGlhcXN5VXI2NDgtc0twand5dDFFUlhUaV9Jb2wzS3RnLW1wVnIwMG0wbmxtX2FseGtvWWJpRGRZOUZnY0VJNzBMTHRsRzZEaURTOEJnTno1aHdmY1RrbU9KYkF3UGxlMHZRY1B3b1VBbkJiLU9XOFdyNFJyN3FuY295M2RNV0lLQWVoa3RzRjJfZnpuYWpHYkRVMVBQT2pjUGxhUFVmV1pqemdoOE12ZlIzTnBwag?oc=5,"Wed, 02 Oct 2024 07:00:00 GMT"
Anna University rape accused Gnanasekaran linked to kidnap-for-ransom case too - Times of India,https://news.google.com/rss/articles/CBMi8wFBVV95cUxQNFlscW5BOTFyYmM3WDZPQUtaaEx6eTlhd0lNajNMVTBjZkpjbm5faGhBWlA4TndDQVBubDJNMERQUmtwb2pEWU5SdUV4T3loenExMUVIOVJtSGhuUkdQRlNWN0xTXzJGdllTQl9sVkxzLTVoM0ZWSzhndW9TeTdSYlNZXzU5RVJoVkRjZlNCUjFOX2pLQXllSFEzVGxRZko2TzRabHQ3dmRRU2k1cmVPVGU4eGpMNVdzcEVTV1lEa09aYlpVRkVLaEtuMW5IMkpZTDNhdDBTdW1XTUt1b0R4cXVzcW1MbXNWMWx4VkJnVlBjZzTSAfgBQVVfeXFMTUY3c3dGVkl0T0ZZcjI1NllWR3NxLUJudjVkQUIwc2hKMzRNSE9Ia29Delh5RUxCRU96LTh5OVp0ZkpqMnEtV05SbUxsUVFSSVV5Rlp5emVZVHRydmZuQXhwN09Rb00zbGRBNGdteEh3WDlaWDNiTjF6d1oyZXQ3MXdoRFpDUk5rSUdzWm4zV3c0M2w4Qm1WZG91b0w3bGN6VFVOM20tLS1wNmlMcFFicFpsbEtSUGNtTTFJZ3pYLW90NU1MRGJMaGZoV0YwWDlsRzhYcGhpMjJiVWxBODNyQjJ6TlVQdG16MlplTmJnM0t3czZ3cnRla0c?oc=5,"Thu, 02 Jan 2025 08:00:00 GMT"
"Suspended Chennai cop's wife says harassment case is false, cites mutual affair - India Today",https://news.google.com/rss/articles/CBMi3gFBVV95cUxNa3BKdDhoSV9kY29OZDM4YTlQRFpVd2NtM0tiNlB3VzZLLWc5OWd2LU5RblNqYjJNVUVXNTlEcWZKUnFncGZoZXlyODZfT0ZVczJjbmRnUDFYOHQ4YWU1bVlfMU9uNXpxa1IxYlg5YUdza3VCbXBIOVlSaTAxRHgta3pBai15TnR4TTB3OUxmSXhvQWE4eU10Nk1xbGFuQmhEVHFMby1oaUJWS1dkbG53OG9HNDNCNXpvYTNCZjBuNU9jejl3NnJCR0ZPdzJueWlRcjdpWkZwUWE2R2UweHfSAeMBQVVfeXFMUHdlUk1namdxX1piMU5OSVhSRHMzVThEU2MyXzh1Qlp3QWdrazRKMW9NYjktRFplXzVSdTJHUVNMRl80RDRJTi1IZUtQelJzTmVBOV9QamlwemMwVzE1U2JBR3JBUDIxeE1rbVhLMDVueTg1aHkwUTRSdDZJLWJhUWFhU0k3dHNtWjNURUhya1RVUTl4ZVRwb1hDZU9BYzhTbDdEdTNEQW84aTZFRUNyVm1EY2EyenRXRkxiVjhuSzV6X283dmc3UnpyODRzenl4YXBXdVJZZFBLdnJRLUxiMDZqQ2M?oc=5,"Fri, 14 Feb 2025 08:00:00 GMT"
Chennai Techie Accuses Estranged Wife and Police of Harassment - The CSR Journal,https://news.google.com/rss/articles/CBMiiAFBVV95cUxQc0s3dHVBa3l2YUxzMnVMX3hrNWNicTZnY1YyVDFya1F5S0VjQkpHczNPRHhUaW9wMXFLSURmRzFxaWJMdWxBMFN2SG10LTYxZ2RyVzI1MXhkVHQ5V2xOZVBmbVh0bERoTEJUdzdOTE42VUhaTmhVQVdjTjd5b1cxSVNXbFl3TGpD?oc=5,"Mon, 24 Mar 2025 07:07:30 GMT"
Functionary of Hindu outfit held for sexual harassment - The Hindu,https://news.google.com/rss/articles/CBMiuwFBVV95cUxQZGhESlk5M1lBU2JJdTYzQTdVQ1FRMll2ckkyVGcxTzZBbWpzUjNhUnNnbFI1UTB5bk1TdDRIN1pYaHozVzl1UXZJQnBKZFEyVUdNWEJLNFg2VjNIaHJfcXpLYXFYSlZGWTcxM19wenpBWnVoTkNCYXB6Sk13R3FCTFpXNUlBTVNEdXhvU3l5c0dIc25ZM3hfV0VDUk9qci1HZ1o2azdkQ1F6YjRMQ3lNaHYwLXoxZ21Sc1ZV0gHCAUFVX3lxTFBOZGwzamFPOW92OVRhbmc2UmJWQjVaTnpmdGgybkNvTXEyZWVITnR4SjN0YmQ2NnBLdEZhNFpIc0R3QWQ2d01QbWFYVTFZaXJBQlJjNEdFVXNpNGJUbmIybnpRd2ltVHpsb3U4QWxIdHhrTnFjOHNVZkhrQzlPSGMzVjdaVFpXQ3Q0SVJCWnJPdzEtUXFRdkptdVZ6ZkFYa09KOUxGRG05Q05hdlNhdUhVQ1ZRMlJGQVRvQ0NUU3RfWnB3?oc=5,"Tue, 28 Jan 2025 08:00:00 GMT"
Anna University student gang rape case: One accused arrested by Chennai police amid political outrage - India TV News,https://news.google.com/rss/articles/CBMi-AFBVV95cUxNYklXSzNyRFVoSDVzb1ltdnBVbkpCa1M3Uy05UWZCeXNXXzI4YjJSNlhycnloWFhJY25EMDNMRU9YSjR0cHNHeXRKNWtxMkR5SWg3MGkyZ1J5d3FvMlJrT0dlWTJxaW91X0JLaHBRWkQxUWFRbW9iUnBZQmw5dFNrWGd5eTU2RjJIdkF2TFA3Y25MZEJpb2Z2akQ2UXZVeFR3aE5XWl9nVlY4Yy1aR21icnlteG9xMUI1NGwtVXZ2alU4M2p2d3E3OTZYTVprald0Z3NaWWhobkpFTXRMSTVBQjJvZk45OHhRaUdSbmhGLW0xazg5dHRDUNIB_gFBVV95cUxNT1hGVmRhdnhiOWRYNlpVOWNRLVo3QWtfenB3TEtMcVd3aGRDd21ibnJpOEJXdlhSQ25SZlU2RWtYUkdsOEtnMXMxZ1RVeDMxVkQ0TEhnejg3a3A1NUllaGY3VlotcTMyVVlHU09XMTMtblJUcDl0V3E4TUJKam0tbTFOM2c3eF9vMmVpYjV5TFJMR1BEUHRBRFM2OUVWU1pLa051T0VRcjZ6aDZjSms5a0JXMVdSS0tFa1dTS1BHS3c4OFZGOHk1WDBqNEtiU0x3eTNxZksxTV95SzFNWk44XzQ2T3RQQnpEazdvVGVuVE1kc2dCRWJYSE85WjNsQQ?oc=5,"Wed, 25 Dec 2024 08:00:00 GMT"
"Co-founder of multi-billion dollar company accuses Chennai Police of harassment, Rs 25 lakh extortion demand - dtnext",https://news.google.com/rss/articles/CBMi4wFBVV95cUxPZjdaTlQwbUtJMkFyWGNQUGpVMlVCSDdzd2t5b2lxT2pZT2xScXdTSmQ2eFZQa0djUGhCdHFDVmxzTl8zSnlETXg4THVCdE9TOGFfYTZ0SEZ4aVRqR2NzaS1tNEZVbnIxOHFTNm5YUF9WeEs1S0xGRkRZOU5yY016TWVsUWZhcS1BNjU4cWxCZnduSG1vXzFhVnhDTmJrcWxkTWpmczY4eEljcE9yZ05ONHZWY0VpcWhQSm9RdXBmOHBVR2NnMGVTdUNMT2U0OGRQa3RoMHZVVGdFdTk2MDR1alRaZw?oc=5,"Sun, 23 Mar 2025 06:16:28 GMT"
Chennai: Three more arrested in mentally challenged girl rape case - dtnext,https://news.google.com/rss/articles/CBMiqwFBVV95cUxQVDRGTFh6a1hHQ1pFeHNINzVBbEtTdHp1SzJsNnV5UEg0WnlNUzNzMU5xUWhaTlFTOW55VHdSc2tWUVA2UllBZzVyem1DTWszSGpmMV9GV29yemt3SVZhaG1WbWtFbktSUTJFU1hsVXhuSHFNeWFQMXliQTJUYjBxSGItLW5PMU0tRm9pQ1lJdnprQUhCblVZLVVuLThodGJBa191RkJVZnlTQ1XSAbABQVVfeXFMT193Yk5vQmZhQVlNYV85RXJmdF90bkVteUc2NGxpcjEydDFLa25ieklXa0lfd2Z5N0RGY0hWZVc2OEFOclRFeWd6NmNZTWZrZTVrVXhqRHNqX0JrQXUzS3RZVGNFX1VZZWxzR2phcDFycnplRUQ3MEFFdzFrZE5vM2NnejczSTB1YXpURHdvdnJ6OUROYkk1U3NzV3haaG1ieGJaQXQ3WmFNMWtKU1VWZXE?oc=5,"Tue, 10 Dec 2024 08:00:00 GMT"
"Chennai: Gym trainer held for rape, fake promise - Times of India",https://news.google.com/rss/articles/CBMivgFBVV95cUxPRWtPQTVON2FJeVdPT3Z5czRnbEs5ZEIxTlhiX01BRG9ZSjlHRHJDQ1F3U2pRTTB5YnQ0dTZ4ek5JZDNTNkdZeEE1UE52bUdBbHFoTkdKY242YTRQOWRnc3VjVW13M3A5UlJsZmNibUpXeXM3cExueTFQNUR1X2ZCaUpNNWFrcmRWWlBRbVVZbmplOGt0b0FqaHpnUHRyYWJvczBvZl9JU0VPdzhXMDFncHZXODJCQTB2TUw5akh30gHDAUFVX3lxTE5xVTJaM2RxSlFBSmdoNVpMVEFhcngxOG1FSmVSNFg4RVdMVU95VWw3dk9OWkJlN0dVSVlld0pqY0FqM0tMd3BVTHg5QnMtU05aV29sZE40aTByODlLNFB0SVV2dDRObEdoalFPZVdCeW5wZkFlTEpUQVk1QXhhRkJEbFdtU241bnBUVnowcGdLVVBQc01sVnZyaURBNDFHVjNvUXh2SnN1dnUzR2FOb1lJU1lPcXE4WEVvVVZDWlk4Tk9STQ?oc=5,"Wed, 27 Nov 2024 08:00:00 GMT"
Four get 20 year jail term for gang rape of doctor in TN’s Vellore - The Indian Express,https://news.google.com/rss/articles/CBMiqwFBVV95cUxQdkFBTWU0Y1g5QnhFUG9oWFp5ckpHel9GZ2tHRDBfS0U1MDgyXzBKcUxyY2FrdHFMSmZfWFlpWGgteXM3N2x6cXFtbDlKaGt3NGVJbTVVbUJRc1NhY2hTTkVSQlFrTFczZkVpRF9MWUk4enlRYXVyangxa1NiclAzUWREeXBxRmhSY1pUR2hNQ29LNEh5Z1g3cEMwZkM2alVmN3RXcURwSmtXakXSAbIBQVVfeXFMTldTY1VsdTlQZnBNdk9ZbEdEel9jNXNmb0RsR0M3Y1NLUnNWUHZhXzFPR29nS3dOa2pWUXlhVFNDcE55ZGF1OXdXUkl6dmFJaVBnbWxSc3ktWjRNejNlNjBiUlRFSk9JM0dvRDhYYlQ1T29zRlJ3VW1BdWJickJScTdHaUE2VTczQjE5NjFKdklGcTZqbE5qQjVYalJMRUM4UXdxOXh5WFJQYXBnc0lFN1VDdw?oc=5,"Fri, 31 Jan 2025 08:00:00 GMT"
Journalists stage protest condemning harassment by Special Investigation Team - The Hindu,https://news.google.com/rss/articles/CBMi2gFBVV95cUxOZVFzX2dJNUVvSkJ1d3BkRFA2S2ZsMmxKTlpMaHZHTkZHU1RMOUVPNUNfaHZuRmlnMFIzZDdIbUV1STR0RC1Jb0JPZ001VDJIWWpDeU1CckJRYWxaZThNeUtjQV85NVkyQ0VFdV9KMnNSRDV4QU1xU0Jmd1VFWTBkUXoxNzlRZlhyQ3ZzbVBzUHVVeF92ZUJQOUJUOUN2dzAwREFyY0wzUWxUeVllZTdCMWtwLUk3Y0c4ZlJ1eEZYNzd3emV4XzAxNE9wdGFpRFk3SkJ2TWMzM1hwZ9IB4AFBVV95cUxQSXlXVGNUelN0NzZKMlFLV2NnUDFwdEZ4S0U4VFFfOF9VQzlQbVFXbFNlN2xYM0pBMmJ6eGtUY2lpeVdRV2ZTN1JhREFjZG1BdUNsek9lQkN1Ni1MN3ZpaFRYWDJLYV9NZ2dfVkxLWDFWUlhjOVJhVkpFdE1Bc0FoZ2ZjZElwYnRYelp4cGtoOHZCakFhdUhOUDdpOTFxUjhyMzZ0c2x5RXNPZWktVmdsSGFmQnlCMGI4WEhmakRtZjVYZGR2NzRiNGpIRFBlemlXTmlnWThrSWJqc244bTJFQQ?oc=5,"Sat, 01 Feb 2025 08:00:00 GMT"
3 gang-rape Class XI girl at Thalambur near Chennai; held - Times of India,https://news.google.com/rss/articles/CBMiywFBVV95cUxOTktfR2VlU1JaX2RUcGNWN2t5SjBBMlJfV2x0Sm9CY09hc0RFMTAwekVnaXRYX0x5ellLaEVVLVhWZGc4bjNKMEVEZTNUcXNjVjUyRWg0Q0kyemJtSTFITkc3RHNtcERnMHNLLVpSNWdBbFhfUjZiRWhNUVpNZF83SDhQMkJfVkxjaUMtbGZpN2ZUNG50UzhDTUljSS1XTmJWSVREaG84Wl9TZTl5eEc5SERLS1lFaEMtbEM1ZHRmQmUzakU0aE81R3RqONIB0AFBVV95cUxNOHE1anVNYWNDaHlORDZsZzMwVjVTcGNWVlNCVzhrS1Bob09oa1hrWjBCZ05MeW9jeUNaRXpIY21LV0pSRjVGMWhaMUJMM19zMTdud21TRlU0Y1NYWU0ybmJ1QWhaanp4c0NEaUhpSVF2cmM5Yk1HNElsaE5xeF9sNzNJQlFVc1psRi1GWHNjcFh1OGhZZk9iVVRNU3dQMGxIWE9vOEpsUkJxWllVdmJqbE1mRnRmM3l6dHR4ejVyOFo0b29xUzNZSTYxMl9IdWVM?oc=5,"Sun, 22 Sep 2024 07:00:00 GMT"
"Prasanna Sankar Divorce Case: 5 Shocking Details About Rippling Co-Founder's Custody Fight, Harassment by Wife - HerZindagi",https://news.google.com/rss/articles/CBMi4gFBVV95cUxNMTE2ZWtRb2lKbmZhQnFrVGlzMDJxRFFlR2Y3aWEyYVo5M1JJa281V1FyYkMyUXQ1NVp4ZUdzZGpHTjRGbU9HSzJzcEpxck9Ld095cGoxWjdRNWRWT1lLZ1BxZ21EdjE4TjNfLVBKZUlGaHF1WTMwNm5IbDJGUUxrMzZVbms5ckMtQTJtamZIcFRudHR6bmxudnlVbC1aVEdJUG81Z2R4MmcxSWVNWU9uMFVnZUdMbFpjeDRWaDcwZE11OVl4eU03Z2xVajJEa2hIbEpueTI1aFRMTGltZXA4VHh3?oc=5,"Thu, 27 Mar 2025 08:44:00 GMT"
Why A Roomful Of Bright Young Chennai Women Refused To Discuss Harassment - BehanBox,https://news.google.com/rss/articles/CBMiqgFBVV95cUxQaHRjNFNoTElka1d1Tmhmd2gtclh2c2xIR2JkTEY3aHdjTm1YVGwyb3FfUGRWOXpVVFlJREh5bjNUMEktNzRNRWt6aUFOWG1BZktCazhmNnBsbTltUU02WlAtOXdVcGFJWkdkUUhJT24tWWdvUE9QRnN3WjFSNTVKNnRyS3BGUmwzLUR1V3dfc0xHZF9NZTBiUkRoWldJV3RCUFE0ZE5YVV9odw?oc=5,"Wed, 28 Aug 2024 07:00:00 GMT"
Puducherry horror: One more held for gang rape of minor - Times of India,https://news.google.com/rss/articles/CBMi7gFBVV95cUxPbHZFeHBhcDh4ZDVmODZKVl9xTjNiRlJWdmVMZ01WUDZRQkFsMVIwMGNIUTBOc2VHNDR3Y19pd0ROcDlXQzZ3d3MyV0lEemdzaXloV0FPanlqYmRXaVRhaC1mWDVSX042b2pkUi1lZ3I4N1dnaEZhdUlUNzdTeUR5RnlBZWlGWllTbl9EeVcwb1cxWWFnOHM4dExsUG5mUFlRMmxPUU5xUHRiY2xKb2dENVRzV3ZtcS1CM0I4dnl0RVhEWmdTODBCZnZkdmN5VVRCU0hralQ3dEtUaWN2QmlURUgtTEQ0SmpVQ1VPazJB0gHzAUFVX3lxTE1hZUlPdXoyeXNqMzJqNXppeDMxT1c5T1B4dllVWHRiTWNidGVuaXJERWhuZGZJMXlBNlNTUk9zaFRSS3dsX1prRmk4LUYwVzRNS2RabEFkamFBLUkxaUpsa1BqYUpJSFh3dnRsVjljeGpzZHdzamJpXy1fdkpjRGdSdVRHM2x6M193TVJZa2Z0dHVQQjM5c0pvNUJIa2puZWtkYkZpLUE0d0ZQTlNGWkhPTVVlOG9SeEdPNG5peTdSbTZMT2pNNVM1NWtVOF8wbTNycGsxTkotbWNPOXNXNFJQY1I3Y1JUMzBvSVQyQ1I5b0Zkcw?oc=5,"Thu, 07 Nov 2024 08:00:00 GMT"
"Two more arrested in Chennai college girl rape case, toll increases to seven - dtnext",https://news.google.com/rss/articles/CBMiuAFBVV95cUxPSXhYUzdrWmx6elZZRWtHUlQ1cG03aXVhUWR2NmRULWpCS3dkak0xMllfOGlMS3F3VHFfM2xiNnNHT2xaOXNaQUJXd29FekRGRWhJTDdWQUNtVUZGLUR1QUNMTEg0eldCelFKUVVmUEtCZFpoR1hwZHB6N2tadkxPNDY2Mmh5SVhEYWVTN3IwWnNnZ25YZk5lN0xZNXRhTUt5U0RoeGxMVnFQRHVNbUNsNVd2YUpHNTd20gG-AUFVX3lxTE13VFZqY2wzbGE5aTFaeGRyYUJwZkpBczd5WkJZeVZLUUlsanN3b1I2MjhCeGtxbnkzNENHYW10aVVHd0VvNnhDaUV5WUxxQnpFbGt4SVVrMjhWSnMtZ0ppWlVnX2VndkpWb0pQZjBybE0yaFU3OFlLNmNfNWlTa2ZlTXZGLU8xM19hRnRxd1BST1JZTElHTXdSMG96Q1NQNnpIeVpGZU1LYVUtbU54ZXd0MkhocnFGZlZBNFMyMmc?oc=5,"Sat, 21 Dec 2024 08:00:00 GMT"
Anna University rape case suspect involved in at least seven burglaries - Times of India,https://news.google.com/rss/articles/CBMi3wFBVV95cUxOTlZTSnMtSFhMdlg1Zk02QUlVSWhxUTQyRktkbzJrLVFDOEFrVl9nZ05LNFpEV2pPQUJCR1o5SzRLVl96RUkxYzdSUzA0SER4NzF4VENHWDdLWmNZdTFyNlRmNmdUb3V5ODdvYWtfU2V4TGlqNmFZV0FXaW42ZktIWV9fVmtjcHh5Z2lJb1g4WjFZai02UXBsSC1KV3dRaDdaR01Ba09rdFdtZUxQaEJrQTRyM3MtZThZQlB5Q0pxVG9hWnFmSGlPNHljUEttOFdBcjlWc3VNLTM1T3A1Vmlv0gHkAUFVX3lxTE1OSmQ2WTcxSzZKbnEwdVQ0TmJmZmw4NkxBS3NfNjU3bG5zZDJNZGhacV9YM20zYjhlSS1JOHZpZ181X0YxVGtEbU5Ga2tHMUlGeXFwUl9WMXJqQjBqMkhab0lKc055dXVBaHBoQ0Zab0JnVTd3QXlSa3gxUldLVlVHSEx6NUpEVnZHZU1ib2pzWjA5VmRESE1wd2h2UUVUQmZrSGE2dXF2dWxfVzZQaU16NUlmcEZKN0ZhYXFoRGJ0bFpEaWs0MjZpd2JCOGdXMWJIUFlRMi00M3poYS0tMjRvdzRpag?oc=5,"Sun, 23 Feb 2025 08:00:00 GMT"
Anna University sexual assault case: Journalists appeal to DGP to stop ‘harassment’ by SIT - The Hindu,https://news.google.com/rss/articles/CBMitwFBVV95cUxPelJ5MTBRZWh0ejR5X0lNNkVmLUpfMEh3QnVaYUZJVEV5eklFYWN2RWc5RnZ1c0d6aVBheGFyaGVlRTlhbDBRY3E4Rk5zWTdoYjJBenNpVTVpMkRiQ3Q1VnBPZDJrclBVVjRka2poYUFIcF9hR0U0X1pXOVQzZUprZkhQSE84LXZPVDdWV0xOVkkza2NKMGhzekxrUWhzTDFRUDl6R19xZTR4TGZwTkdLak0yQWpucG_SAb4BQVVfeXFMTkd6Z25IZGdyVVF6SUx4WTVxblR2Y2ltRGRKVk5WOTBNd25wTDEyUHZ2U0RGTkszcElBZUM0aFFNYm1TT0JBeThHbzNlOXd4SGN1RkQ3amIzUnJENk5nZHdXX0NzajNtNUZrR09EcDBBQkp1ajZLN2tMMnhqX21BcTJsb2RlcEtPcUwxTnlZdVFvLXB1QU9Db1RsUU5LRkZtcG5Bc2JEVXB6U2tobE9EVS1wT09rT2dQakVsaVZQQQ?oc=5,"Fri, 31 Jan 2025 08:00:00 GMT"
Child rape survivor's audio statement leaked: Did Chennai cops violate protocol? - The News Minute,https://news.google.com/rss/articles/CBMiugFBVV95cUxOY3ZOczk3UEN2bjQzOUpackZLSDRqT1hka0xGRWZLcFA2NTkwUlZ3aWZpOUx5N3htS3pSRngyZHpHZTV3RVo3S2ZzUXpvSDVfVnprUEJmMEYwZ18yWS1lY3VWbG5fNlpSQWxyWUhjQzRldTNaZ25xTERRNm81Y2lBTENGanBFN0lfNDVmMGc4d1RvbDdtVDExWlg5MVV2SzlDMGJFektvV3ZnV19HWTBJd0FVNGtidUd5TXfSAccBQVVfeXFMTUppVXZTd0F2VE5HRmNNUDdkekJ5YXlEWTRJOFVtcUtaOHZveDdZZWFRZXZ3aUZlWWpDX2hXRm1KamwxbHlPTk1kanpIZ0JkOHFIQXcyQlZnNFNEWFZPNGxlRzF3cnQ1Ni1QUmg2dFZGWURteXV2bFAtaUxic24xbU5QMU1LUFI3cmItQ1dwa1NEWnJ4dmFuUXpBSXRYcW1Eei1seUt6MUhmT2RDS3ZvVkV2WDVhRXp6XzJZWmo0cGtVb3J1VE0wZw?oc=5,"Tue, 10 Sep 2024 07:00:00 GMT"
Chennai doctor held for sexual harassment - dtnext,https://news.google.com/rss/articles/CBMiiwFBVV95cUxPS0JSTnJJc3lQazVReUdhb3F6ZHpfYzZ3RklRS2l3bG02SUR2aGZjTHNpM18xNDMwNWgzNEpDZWlKd3FScWJHVG1TYk5nWjRnQVlReDMyaDBVbmJaSkVGdnk5UEljN1FVVUNGcUc3bVhreVg0RXM3ZmpRaEs1Sk56cnVzcENiZExDblpR0gGQAUFVX3lxTE16UHU3Q0JuSFpIX3pJdlBQS2poMWkxNnROTnJ2SVNKY0hONENvMGdpNzBOWEZpX0NuVFZJXzI1RFhHcG5ndmhDRUQ3Nkx3eE15THdSbFg0TEFHYXp3SVBUZHhDNzE1V29KWUZKeE1vSlJ5OXpvZ0lqOWJ1d2hpcTJ4S2p1NmJyTFJ5Q3BOLXIxaA?oc=5,"Mon, 21 Oct 2024 07:00:00 GMT"
Explanation needed on the way the police handled the rape case of an intellectually disabled girl in Ayanavaram: Annamalai - The Hindu,https://news.google.com/rss/articles/CBMilAJBVV95cUxOYjJ1WVZRWDdwbVdkbnRTS0VaRDdESmdhWGdRd0pzNEctbkR5eURZSGUwQXJhb0owUlh4N1g3OExlQTZQVHBiZ0NFcHpLc0ZmVnVjQWdCQ0MxY1M0eEZRQ3JXSGNFNENIWms5VEhzNm9INDYtWmNXQmRqSUFGeVRlN01aT1FmcmlQTnA3dWpINDNtQjhvWkp6SjJxUUNuWEZuYVRTR2lhcGZEZjZmeFZKWjUzRHltcVVQS2NNbVlHaHdCX3RzdTZjX0syVHNuS1BRTjFKZE9IbGRfV09PZ1BDdmNXdHkzMG5rb0NiSElwV3NoMTItQTB4NHJnU3htMDBxVEozclg2bE80OU5tdHZQVzVXdXDSAZsCQVVfeXFMTTJPTGlfMmpiZWRQMkxFYVlsYWlMT0M5cGtiX1phbjdnbnVNZnh5bXpjZk84YzJHV0R5STBOOXN4ZW9kNFQ2NnRkZjBfR0Frd1pndjd4NHFZVWNlZlp6cU93VE9qdzlqZzQtN1VXbklxMHpTYXZjVGZSbUN6RVNndXR6Vk9Xd0dxN3F5d3puSW9hZzlSTFBvRlB3TjlfbWRKd0tWMm1rWWpxdFQtekMzQXZoRFFEMVZCTEdRby16N1hPMVZaUUF4Z1d3TzhJa2JFeDNETjl0elpjOV84TlNmdlpuSEJGSExxTXlSWjZya1JmNjlZNS1nTkZYTno5OW9ubEhvQWVLVjNUTTBLYlh1VjdjdmtMYkVPUFpKYw?oc=5,"Mon, 09 Dec 2024 08:00:00 GMT"
"Anna University rape case: BJP's women wing protests against DMK, police detains protestors - Times of India",https://news.google.com/rss/articles/CBMi9gFBVV95cUxPQ1BvZUlrY3RzYk0tZTRwaGFLdkdWbE1YelFuV2N2RnlRcEl5MUs3czBIVWdKd2NZdmFLeVZUNVljSDNHbUNiaGp0ZVBHZHZtTU5hMC1GRXlIeGVILUtFZVdWZjY3bmJuUGJER281LTZVZTBoZ3FOR0MtQ0hfcG5nZkJ5LV9ZVVFYNDdYVkgxU3M4b2p3OHlpaEN0OUtXbEVqVHQxb21JSWx0Mjk0QXh6aFJPUy1lT3B3RUJHUVdnNE1scnFtU21kS2ZJeWVNRGRZdTJBZTBwNzBOZTQzNTBvOFVGcXYtSjFFRHN6VENDNzVDNHBqeXfSAfsBQVVfeXFMTXNnUDg5VW5LbEJBQm1rbGlEbzRfaVdNaGNkSGdBbEltTlVoUGRSdnFEUWdJV3dHWTZCMTJ3NzQ5d01oUktFVkdNR2ZsOWlsTTROcjktVEtFWU55OVp3SW9wNHR0R0VFak5MTHhqdHRqQ0hGRHdvdkQ4NTYxM1RBblFlT0Vwd2hHYy1iVjV3emtTZHVKanY4TXZfMXFyV0xpd25URjZIYlNWbUNuZlFnb3JNcFBJbHJHUjFMR0lLQjNvNDU3X2VHZEFCUFpkTk1EbnZhZUxobWJoS2phU0k0TlM4WmJydDV4RjBFdmFQTjlPZnRiSFZYVHVIUUU?oc=5,"Fri, 03 Jan 2025 08:00:00 GMT"
Chennai minor rape survivor’s parents reporting the crime allegedly beaten by cops - The News Minute,https://news.google.com/rss/articles/CBMivwFBVV95cUxOa0hlRVZBbm9qekxnOEVwR2NGSUR3WElYZ3UwZVg4b3NJVEFZQXV0UlpsOVJwQ1B6dTQ2TGU0QUJTOURRUVdEQ2g2MGhHMmNZbjNSalpFWDdSejVqS29YRlBBbnF0Q3FMeHRvbmN4NFVQRjVxZGY2aHJtS3RIS2xhazAwaEIwVmpmd00tT0ZvWHlhd3p1eHdnX1FRakp0LWY1T1UtUmNSMzI3Zy1CRGZIRDJISHJSRmJ5cjlkMG5wONIBzAFBVV95cUxNYUd4YjVhN2ZQS0JvUGhRQ0pmY293NlFXZWx5aVhUNG9Qa3NwR1FCazRaNFktTUhLRXpMTnliam12b3VmN28zbmM3R3ZYMUhUd1hzbFVxTV9WZEd3RWpJdkdQSWRhS2lZTlNBdkVvaHo0eU1IZjY2UUZzcmxUNUR4SG45dE9ZZWtjNmJ4NXNZT3phZm11NXdDcnB4a19SaF9uN2ZIelFqUkRiRWRwcGZONEFLZ2VmTzNIcXZrMkx5bjA0cU5McmZiSnVyNU4?oc=5,"Sun, 08 Sep 2024 07:00:00 GMT"
Workplace harassment: Women in the unorganised sector often get a raw deal - Citizen Matters,https://news.google.com/rss/articles/CBMinwFBVV95cUxOXy03NElfc0FJUkdVdUhPeHRsZGg0azlaanJOZmoyQkhMby1XVUZ3bzBXTFpQQm52cllWVXVEMlRET2RiWUs0dE9Obm00NnlhNndFZGtEZVppb0ZFbnZiNFIxVElxQmZBcHVsREcwT3FNVDNkb21IS24zNENJUFYtbWE0c3JIcTRSX1NUTm5mbmliaTMyczJnYnRUa2EzZjg?oc=5,"Fri, 04 Oct 2024 07:00:00 GMT"
"Chennai techie accuses wife of harassment amid divorce battle, she calls him 'sex predator' - Northeast Herald",https://news.google.com/rss/articles/CBMivwFBVV95cUxNZEc4YmZrekxjUTVURi1yZUd5UXVadDFtTnE5NVNWREl0TkVXSDRrRU1Pa2ZGaVBaUFJxNWVVRi16R1BwUGxaUEdoWWM5TFRvLXJLR19jOHVSeEZqYmM2MUNBa1RUckdYT1JhLU1uNUtISWp0aTBpVUJVQjlFVXZqRHpCWWMzY0YyeHNIMUNiZjBkOGZZLVdjVjlXTG5EZFFuYjMxZVo3LXlHWFQxOGZvVHRRNlBCQzZMOW4yODNfYw?oc=5,"Mon, 24 Mar 2025 10:39:42 GMT"
"Karnataka police intensify security in Hampi after rape, murder case; third accused arrested in Chennai - financialexpress.com",https://news.google.com/rss/articles/CBMi6gFBVV95cUxORmR1UzVJalVwT09iN05MQ3hjajExcDh4bEtqbjdSWElQR01CNUJ1ZWtQLXYwbFlmeGpjZmVXd3JQLURWb0tWZzdPcHBpYk9JNDJpR3BFcE12RGc1YmRlajdlc2pMUVBIUGVldXlkRkNDVW1Yei1Cd3M1cXI0WlJHR2tidkhmZ2lVZ05xcG5FN1J4dVg4SHREcGQ5TjU5QjhyYVRsOG9CNXduTlpPY0xWTkxXZURUWTVWTFJkX0ZJUFI0cUpHamFVY3E5SWhCY0NaTjZoNEtncThRbkpwOUZNUmRjczdsZXV5Rmc?oc=5,"Tue, 11 Mar 2025 07:00:00 GMT"
"Anna University rape case FIR with survivor's details leaked, NCW demands strict action - The New Indian Express",https://news.google.com/rss/articles/CBMi3gFBVV95cUxQcmhMd296YkRwZ24yQmprT3VncFoxU1BJbHZROXNoN3J3Y0ZZN2hwaVJibXJFcGJBZDVQWUd6TXVoZjNyT2hfSWEtMVk1T2hxODIxd1RramcyY3p3alY3Nk1OUnpfRFoyNUswNGNUYlN2cGFmNUs0VGFvbjdlX2prbU92c1hvcmhqdjFiV2xESDMzUzBnZTJTbGttWXpoQzBnX3Bza1QxTFVNdmh5X053bFRHU0l0LTJGamdnVnFnUDNLeGg2dDdZdUNGbEJTdWp1Ul84VWhKQW9QOVdmaEHSAesBQVVfeXFMTVpDSC1QaHhRTXhoaFN2ZFdiMlNaRWJOamFnY2xEUHEwNmo0c09VZlItT0xULWR5SThzcHM0anVHWlRTek1vN3FiSEVzeGlVSzFPWDBiS0hmM3EtXzZGRmFOTm02d1hySWxzcjJaWWF4WUFUU01pOWNBcmxsQTluLUxfUlZlSjdDeWFWYVR6TTdDOUpHcE1nWDdiUU5kZUQxUlZkRFUtVGRMRkNiUGZQelBlRThVM0pMTl9sUnZTMlF0M2N1TnFYQ19KR1h6WkJGYkRNZFlJb3RPbGNHZnV2ZWptUVROYXN3dTd3TQ?oc=5,"Thu, 26 Dec 2024 08:00:00 GMT"
Woman accuses auto driver of raping her in his vehicle - Times of India,https://news.google.com/rss/articles/CBMizwFBVV95cUxNc1VHc2czanVZR2JfYWVDWDEyZEVENllpa3RYbS1KZ3VIc1BkQ3oyQm9FYU5uTlVwSUNsUjd4eGtGTmNvMnZHaUR5bzVJN0Fud3dNdXA1a21mZkV1VlNjcEQ5MVNQWWlaUUtab0FfN0Z3bWlMTVR6Y3lTNjRLWnYtUnZMZHBneW9aTmF0YW5nV0RHNnZoVndnV2dyeHR6Y3puUEpMVllvR3F6VlNvaWxxTDV4NzRQVTV0RF9SV0RwZnBldVdxOFdlWWdxSDgzMUnSAdQBQVVfeXFMT2ZwZFE1ODFtODQzYVpBSjVidmVMUXRVekJ1OWduUVlFaktkaGFqWjRYdXZVaHVjZ2ktU0k0TTJITm1hYmV5WDF2YWhyZVR1WnF1cm1lZERTR3NsVjUxMjhtSTVBa3Z3T1FrcVJIRUtBdzZiY1Y2QnA5Y1I1QVpwSWFqalFINk0walU2WEtsNXFqSFdLTXE1OE1EN2hKc2k0bGQ4UklQdlpHblp6Q2gtMVhfWlpVU2Q5OE1PdXZrQjdta3JLTm5OTUhOYkRoXzVuQmlpQl8?oc=5,"Wed, 16 Oct 2024 07:00:00 GMT"
TN governor okays Bill for giving stringent punishment in women harassment cases - Times of India,https://news.google.com/rss/articles/CBMi6wFBVV95cUxQS2RjTVdfS2dHTk5OemNSb2xERi1TWXJBemRNWllfTHEyYmxGNEplSEFPblY3OXVodkFzbVhGVkN5bGRXdmVXamRrRGxmVHF3STZJUjFCR2hTSXJST2R0YTIyeXp5NXltT09YNnVaTGZlV3ZOa0I0Ul8xTnhTR0NFb3BsLS04VzdjdWxYaWRSaTduSngyNkVqdGItTVdRY1FTUTc1NTk3LXpoR3p4cjMyUWp1anJkdkNsZ2RUbWp0Q0pucDBUdzZaZjktaUxFZkxQd1l0LWh5WktCRTdZNjlaTVBRSGZNcDZyaGw40gHwAUFVX3lxTE5vWUFnajhEaTZLS21adkhTd1Nnd1czYXE2d1pwRmpIZ29NVFg3dEh3NGZERXdPaFZCUHBDNjVWT1Z5cjBGNW5kMW5OaGthVkQ0M0pCSXMyRW01WDRsa3VONVdqeWU2Y1BNS19JcDhOT3BQTkkzNEtObXp6aFRacHRVOFBOOURjekZNNjlOZjlFdFdiUTMwcjh6dUc0aW9FTXN3bkdZOWlJcWtuMG5oTE5XbFNRcC1OOEc0YzlkZzhQdlc3TmcwUS1DQ0NvdmZXbXFVbmw4azQ5a3NDVDNRZFdjVTZTRVNYb3VWWmYzTlByNQ?oc=5,"Thu, 23 Jan 2025 08:00:00 GMT"
"Rippling co-founder Prasanna Sankar alleges harassment, extortion of Rs 25 lakh by Chennai Police - Moneycontrol",https://news.google.com/rss/articles/CBMi7gFBVV95cUxNUVRORkJVTDJHcjduaG5zVUplLVdYWTZOeS1JWklUWFJCaGx0S1Bha1NSUHRVV2VkNjRpcWw1QzMtUHBsemItWDFxNlc2TTNyVEJNRWNlUGxQaDVMUzZVTFBKeU1jb1I5UWgzdm5WOEhidV9UTy1RNXo1dnRweS1uMmZydXhDaXBKNlhaRHl1X0ZaSGViQ0N2aWxwbTdEaF9fZHBZcUxEVlR4T2YtOU91QTAzV1h5eUxlM2ZYdkRPQ3JfcGpUWEFnd1dZRWo2WEMyN21XVlRmMWM2RXRidTJqSTA0M1ZRV21Rd08wZkxB0gHzAUFVX3lxTFB3MVE1WGlaaVNBMFlUQThtODBtTXhMNmhVWmNpX1B2VzZmOFlPa090Vk5Cb2c0NTh0aTd4OXNuREwtVjYzaFdKUzdHUnlTS2hUalhSc19BbThZLXhWVEZSQVNROEQ2WUYzbzVSaU9VZ1FTRlRHajBiZDZFRGdUdlk5NktILVN5aXozQUJ2RlJ6Ul8xT3AzVHV4eGkwNlBjdWFHR0o2LUozaVVpNi02YU5XNzRkOWY3c2J2QWNOMGlyaS1OV3kwZGZwRUJQdE5tOHFqY1dfcVczdFlhZDJFRzVFYmVnX0k2WXl1RWM3bkJzaTR5MA?oc=5,"Sun, 23 Mar 2025 15:05:56 GMT"
"Chennai woman confronts moral policing by cop on beach, faces online harassment - The News Minute",https://news.google.com/rss/articles/CBMiuwFBVV95cUxQbTFDdWtRUDJjMy0wamJTVTA0bDBPZEd0Y0Iyc2tTbVp3RW5fa29XZ2ROWUdJZ0dSQ0I5czMtX01vMTliWEk2UERzTVF1UkpfQUdRTno3NENySlFnWldjdU5uaDl2RVRxbEVPTldiMHhKRDUteDJEUHVOWktIaW5GOUVqakQwVDVONkVpY25VRnkzNUR6SEpYUDBCanJGV0ZSbzFkYy1KZjFDalIwQWFMblVCd0VtQ3BHbFlR0gHIAUFVX3lxTFBtRGtOTkVzZURsd2F4WC1Hak5NSDBGcDRDYTBWT215UzRpVC1WQ0NaWFlDUVJkSEs4Wmh4d04zdmhUb215VzJBdkt5bjFnR1JWY3FKZnlVdmY1UnFqOUwwaWtjaWZ1dkltVG9vaGpEYTVRaTBiSWQ1ZWZFTEU2d2I4b0wxRXhTeEp4eDJTWVc2ZTQ1Y3p6ZnNIalZ3MGppSWg0RzJUTlRVQ1dCMS1EWmo4WmFyTE42WFpDLTEteXZVNTBGdVFTeW00?oc=5,"Mon, 03 Mar 2025 08:00:00 GMT"
"Girl, 15, alone at home raped by stranger - Times of India",https://news.google.com/rss/articles/CBMixwFBVV95cUxNVGhySnpBdDlQVHI1bUczUHFzYU94VW05SXFzX2l2YTM2WnFmLTAyTDFMell5QzEtX3dMcy1rM2xnc1ZoMDlkSE5JbGVwWU5tVFpoRDM3bXM0WkdSS1pZdmh5cTNqSGdMb0dmWDFKekVKbkNGNTBZWUstelhDdHE1VHF0TGtORFhwN0wybnNDMEhzdzZxUmUtLV9GZVdoQlpRWTlmbnBkT2l4ak1qRE91TDJOcDlvaER0dlY2X00xemszd3BYanZJ0gHMAUFVX3lxTFBQTTZhSWZZUW9sUlhidko1ZDNHLWp0Y0JKaUFOT2ZZck9DaXFfZ2tsejg2VVd5VDB0ZWxLYWpfQzk0dlFtclVGTlRwUDJndU1OQnVkMmhCb0ItOUFFejNWaHJxRVY1SUgzS0duaVpobHdES0NJd2lUelpoMGlKaG9VT0M1ejFPY2dPdTd3ejd2RFoxMWROT1VsRjZXSXlFYllJVXJtT1ptRUlVcXgzT3pCN1R6THlaZkxiX3hDU2lMOTI0QVFhMC1KWGNEUw?oc=5,"Sat, 26 Oct 2024 07:00:00 GMT"
Parents of minor rape survivor allege assault by Chennai police; officers refute - Hindustan Times,https://news.google.com/rss/articles/CBMi2gFBVV95cUxNdGVHdFU3dlE3YzAwMnU5RnB5emc2ajdGelU1cU5RODVXVnFXUHR0MEdfWjFjaW1SeExtNmFBMndtY0xUWWhybXZNbWI2WXJKNWlvOTNSWTdwMW4yMFh6Q01RdndacXV6d2ZVbmdhaEJTZ21UclBqU3I2T3AtQzV1ODZycGFnaDlsNWJ1T090SGpDaXpXd0JlaUZjbXdteFB4VGI0d2E5ZGpRbUlZVVBaWVk3THEzNk90elZUZzVJdDF6VzZ5OVR0ZXFNQVgzVmlOVWlyLTNlUVhiQdIB3wFBVV95cUxQb2lrUFJOMG1JUnQxeTdodFU5VUVPbjIySlRZeUdXUVpUUTZqNEJ4STE4TmhOZ2hsamZwd3dXS2ltUHhGX0pydHBfbEkxcnFTM3NscHZwUG5lRklmR1VFRkNRQ1c4eEhQQ3VucVl0NnRQaHFfTTNzRld6bTNUWm5xMkZaZTVCdVpSa1hGTTI3TmwydEN1UDZfUFduS2F6ajloZVU0M2YyRTZQWVF0LVJxUDJqMHZ3a3JVXzlLdGhlWXFRTVc3UlozMDdvX0JCT1oydDR6blNCMUVlWk85NXVN?oc=5,"Sun, 08 Sep 2024 07:00:00 GMT"
"Suspended AR constable held for rape, extortion in Chennai - The New Indian Express",https://news.google.com/rss/articles/CBMiuAFBVV95cUxPUEs4WWN5ckhmRXBZTXduYUF1RFFrYzJtUDZhdWJoREZXZjZnTzFSczNZYnYxZDRSbXJreGtXVUdTdUpJamtNZVhsbkhzR2EyMmV5TkJsWkZwYXVwT3pseWg5OWFwSFVlSS1IMnZwV3N0N1BSRUlqUER2Z2dMaFVKZmdpdFYtYl9lNkxDWUtmV1BzcTFFanpZVWQzM3gySXMwSzQ2bjdKWFJraDhxb3pCYkU1dENiRU0y0gHGAUFVX3lxTE8tSWtxT0VrS0xYdXNDd1pWS01neXNjZmN3ZWxjbGJMYlNLQTl3LWxfS2ZNREt2WlAwVWdGeXp2RFc2VEQ4QWQzSHlvUUZyRmpySXJvRXhyWlRtTE40UXhvWXBZRU1ud1ZVMVBWb2VzTEFwb1czZEJCYXpDaWRYUTZNajNLTzRnc1RVcklzMUJaYlFCZkhqVG0tdnFDTWdfNG5uUkEwc2NUekZDVlQ1VkNEbVRQanlUMjVQM2p5MEM5UHYyMFdjZw?oc=5,"Sat, 26 Oct 2024 07:00:00 GMT"
Sexual harassment in the unorganised sector: Resources for survivors - Citizen Matters,https://news.google.com/rss/articles/CBMiswFBVV95cUxQVTFJM1NGZy1QQzZGNWltVThRMFlKVlBPVEpTQU1zTWhIWk5VSXpRNlQ2US0xSWgwUVY2RWhySUtGQ283b0NLY1otWHBOWWljVVdzaF9jWGRKbXpiMVQ1Zmw3aGVhalVMaHFaUjdqZVJmbHc3d1Rjdm9BRC14V0RJZHROWEhvSkhfSUJId1Mwd01GcHdhNGZ2dHNGcHBOZXMyN1ZKel9aSW9zM1RQbjFyYzcxNA?oc=5,"Mon, 30 Sep 2024 07:00:00 GMT"
7 held in Tamil Nadu for bid to cover up rape of Class VIII girl during week-long NCC camp - Times of India,https://news.google.com/rss/articles/CBMi1gFBVV95cUxObWNKZ2MxQldKVUduS2gxN3dqd25mbnAtQVE2dTBfV1ViWThRb0dYWi12SW00QUZ6MDJ1S0E0UGRqNkdzMGNwbVprY1JyZkJFSVpJOFJ5eTBrcXY5anE1bFh6YTRqS21WOGZ3ODE2aElsU3hKXzY1a3lYMGpsVnVlMURRTkd3eU5TaTJzZF9EaEdXRk9QcVpRWVBVZlB3MUxoTVROMFhHb0I0NEtpcEJjQXlINmw4SlhjSTJFSmZwZWxUb2VQdDQ0azJidjl6bDFNRGFXVWV30gHbAUFVX3lxTE9CbmRyVlpwTUpIOXU3d2pGY3RpY1ExVDd1cmFXN1V5TlJOa2Z2WmpEam9rdzh5WWp1NmZ0VHlaZjlLTDdDS1lTb1hEcTRfU3lRZVZwTHJ4TWd3MWNDZWM5SVloMGZaRGVEV0JHV3RhRmZiY3FXM3cxd3FfNmRULTRnQ0xiUlBMRUJueHV5MnV6dVVMWkNaa1h4MEVXQ1BVZ3labFJtUHhNNzZqaWxTTUJ3Y1BHMGpmeXQ3VlBfbkRLZ1hUQXdscDBSYUl4Y1BxajBLc2tJUzNsZDcwWQ?oc=5,"Mon, 19 Aug 2024 07:00:00 GMT"
Sexual harassment case: Chennai court issues NBW against retd IPS officer - dtnext,https://news.google.com/rss/articles/CBMitAFBVV95cUxOUjAzSDRnc25PcjJMaXRxVl9xeDZGeW8yR2tLeGg5OElOUDNNeEFwZTJBSnpUa1h6NjRmQmdqZWN0UUpUUHQwQ3gzRi1hY1A2aS03V2dRTG9yVFQzRUs5a2FJODRGSk1Xa1hyNi05YUhjdE5jeTgzcHdOWlJMZ2hVa0Q2NXBQdkR0WDVEcjVUSENvdjlzeTFlVjlIekJ0MDl2eG1OXy1ydFQyRUZ2c3VidUpSN1nSAboBQVVfeXFMTkJrb2pqZERubjdudlZGYjNlc1lxV3Z1OXd5LUREcXBzRnFMMGVvN0FkQlJmWENGV2tldFN3TV96bWt6SUI1UWtUODRhZWhuRWVkNDNnYUZQS0VFOTh5WEFFRWFPWVRySUhQUDRqcnRxZGMtUnJCWG9WNjZtZFFOZXZzbnhuTm1jTUw0Z1NORUk0OG93M01iS0g5NXNObXk0NWVZMGVuTzA1UFAzc0dpZ0xKT0gyV2xtWTVR?oc=5,"Fri, 22 Nov 2024 08:00:00 GMT"
"Tech Entrepreneur Alleges Harassment By Wife, Police; Official Denies Allegations - ETV Bharat",https://news.google.com/rss/articles/CBMi4AFBVV95cUxNemxKMWhxN253eDNNN3JvWFhId0JxSXhFVEI5VE5OSWxLRjdWSVlIdWhWRTlXZW5CWFQzVVBjdFJkd1Z2ZkNhaEhibmhhTGt2bW8wRDU3blRRU1AyRmJ5RXZDQWl5VV82U0FPUXYwWi0wenhhS2VQdVFpSmdSZzVRemo1aHo1TWx6cFVOTG9NT3VHcXZFY2FLVlQxZjV4Qk8yQ2w1VFoyRThlazBPZi1xdTExRkNlVEEyRnRodDIydExSaFUyNWxqMXoyajdQbUU1WnJYMUkzd0xRaExvWk9lQdIB5gFBVV95cUxObGhSX2ZKN3Ria0lQeGpVdXRlLU9pVmF6UTdRek1qZHBtYnhQYm5YREtnemdINTVucDFkeHdZdUV3RTUzWnlLejM3SmNEbHVfYUNtX0ItMEhVNkpOcE5EeFpPeW1nYVhNUDA3TkJobl9SQkptM01BdlNDcVJYMWEyVHpqZTF4ajBhX3pVcTRReWJOb0x6Y3BxOS1iMmdCaHRQQ1B3Q094MDJIWWM2TkFrSkdVcVFOcGNUV0pFMVRmbjJ5dXpzdWMyTmJHaTVKZHFZUURyTExzektJbTg5YzNQd2dONTR0Zw?oc=5,"Mon, 24 Mar 2025 13:48:11 GMT"
Associate of Anna Univ rape suspect arrested - Times of India,https://news.google.com/rss/articles/CBMiuwFBVV95cUxNQ1BoN245b3hxVHpIYXZ5ZTVlM3lucFpyTjE5ZW9Jb3BGOHBMNjFfUmN5OU8yWFVwaFdzLW1BM01EQXJvRnJOVkplMm9WYml2ell2Z3podUprYlFwVnRoaGgwTTVqMXJqQ1R0RGE2VjFTN1BrTDZqWXQ4cWttQkVTT1h5NHU2VkJFOEhUTjBsTDJMNkxheG9jaWRNN0VINTdNMmJLSWNTaXlGSkhyVi1TUHQxLTM4Zm5VV2hn0gHAAUFVX3lxTE5VRG1mTEJUUURnaWhPd21NQ3czZU1zLXBYZHZOLW1ncmxBbVZ2bW0tMGRlS3JBVHdQYzVUclJaWFdVT0lrZmZPNmY5M09ZLVliczdMNVdCY190NWk1V2RWTkVjb3Z2TmExVXI3SHlaWHptLThqdUlKRnpDbUdaOFR6aW9fdExCUTkyU1hoc3NpUnBkUUhKUk1ZOUdQN09zS0FKdk5naFlsR0lMdXp2U01LWllOOXJDM1lyUjh1ak9nZQ?oc=5,"Sat, 08 Mar 2025 08:00:00 GMT"
Music instructor held under Pocso - Times of India,https://news.google.com/rss/articles/CBMi3wFBVV95cUxQNmVSV012ckZOZnRhZmRuNldwX2lIeEJmSkUxN0JfWl9Ya0JaSmYzbUVXenN4ODhyNUV0UWZhX2ZEdk0tMWF5UXhlNGNPZVhqVk02bTZlbTJ0SkJtYXZ6cW1Mbl94M2tTaWpyMWZCY3lZbXljUUNfa2tCdVMtTlBkV0Q3dGlUdFNWcVYwVUJ1SzhmZ1E1a1lmT1VCVUgySU94WHB0d0tONFpRRlRKb1ptckVlS1JiSVlqNkFWOXNtb0JwaHozTXBnQnAtLWlkS2lYVjAxbUoxVzRSRnpyTFNz0gHkAUFVX3lxTE1weGlNRmNtZld4MWMzOVlXbDRldzJPaXFxZmV5dXpWSFI2TEZHWkk0S2FqYTRwb0lIUmN3UktSR0F5M2FUd0psNW1nMHhMOWJRSzQyZ1dQU0F1VEZod19qM3ZoR2xkcm1WdUNMSzZINlJhNlFOWWVQMkhpd2NmOHhnT2NBS0RUNVRxYnVONzh6LTl5blpuUVhETW9EYmptaWUwckM3dlRTcks1SDNWQnJKMkVvQmZLNl91THIwSHhnRWhKX2I0clJnb2Y4bEZhTHdpdGdnV2I2Q1dnOUh5SGFoVVFjbg?oc=5,"Mon, 21 Oct 2024 07:00:00 GMT"
"Sexual harassment: Suspended Chennai IPS officer's wife says woman cop trying to extort Rs 25 lakh, cites ... - dtnext",https://news.google.com/rss/articles/CBMi8gFBVV95cUxNc1JaclI2MkNLMW42S1ljQ2xZX0dhdUFib0FHVk9XQ1F4YmxJRW9NWXZaUDhOUGNfaEZwLVBjLURhWDJHVlUzX1UyN3h3Y1NqelJCM1pmUFJiZldCMzloeS1ENW11OEpNY3NXVnpnR2FvU0ZGOXFrWEFTZmhzbW83Z2xaZWJoVVdabnBqSUZrbW9GSnFZZE5FS3ZIYUF2RWlucHZUWWNvWWNhbk5zUGZPZV9FS3NReXFvQ3dlUDU1bThxTEt4bDU5U3NJakRlTkVNYTZ6Wm5CUnEtT3Fwd2NIYkJWNjNGcndlS0R5THhYTVlDZ9IB9wFBVV95cUxPRkNLLUxRc1dzOWJUNFk1WEVvYnNLcUI0dXVPMWZVVUFma3JJMTMzQTNnZHZTRGcwM2xFSEN6c25mSDdyS3dCOThOUXBfWnJ4d08xTTVkZFpOS1lKekg1emRjcnItQ19WYjkxQ19aNUtlNHhfaUQzN2lHaHBseXBqTDlDM0xJYVhKek16VnEwOXlPeDIyRWpYZVh0VUFlb1YxWWpBM0ZEN3VOSVV5OHFxTzRkZW8wa2JkVzlZdnBOYzNnd0tfdmNpOVktNWpoalNFa1gtbE1xWkZQUHN6bHFFX0xRWDhWa0pPZlZKeThxNjdQV0lRTFM4?oc=5,"Fri, 14 Feb 2025 08:00:00 GMT"
"Girl allegedly gang-raped by 3, including two minors, in Chennai - India Today",https://news.google.com/rss/articles/CBMivwFBVV95cUxNUG92X294aURiN0FLVTg4cXZySXdneUNlMmNDd3lTLUZjY3hKTGxCSnIwcTJVeVQyZDQxWWVIX1lSZUNJekw3QVlGczRLZ1VDOHpramwyc2ttNlI4ZlVqUnYya205bHZ5ekptQ2xfMHBoOWpVODhHV1lpZEhjNTBiU3dmOW1MLUpsTnl2WW1YbHROeFVwWGtCS25adHoxN2hfM2NiSEJEZHpJQ3lwMFRQQ2tqWkxac1RqLWplRmdxRdIBxAFBVV95cUxNQkJ5aGRXcWlZLXJIck9oM0pLRlNlSmdVNHRZdmpzbXdTNjB1V1l4XzVUZnUwMW1ZNU1MR0tPNWd2bDVjeWM0MkpZQ0t2NDZCc1YxeDNJcjdJSXRlb0lyMnFMTDdNS19SUzRDVUFMZ2h2d3ljVklHNTJlZk5valo4aUFqRG85b21DbWRFaW5QZjRGaldkV1BjWGdOTFRfbS15Q2NSUjFlX1NaZ2p3b3VLX3lPXzBxQU9VOGRZbmllOHJ4N2dH?oc=5,"Sun, 22 Sep 2024 07:00:00 GMT"
"Rippling co-founder Prasanna Sankar on run, claims harassment in Divorce case in a long viral post on Twi - Times of India",https://news.google.com/rss/articles/CBMilwJBVV95cUxPVHRoYjZ3SDFzZG01S3FFaFJycGhEMTI5QlppRTFONnpjUURFMWgwMDFZY0VfVUNHakFCZ1B6bndTU2NTUnQxaVlQVDNyeXdtMkQ1YW9pd2F3WnhiQmF1Vi0xdWdRdHB0WFZiaFFqNDdpTnBWOGkzOXY3VHFFaHFRM2padURkVVJsb1dFSW1BYW12cjhMRVNGSHBRQWdRUDFRLTdLT0FmYWd1VlRXX3JFV29Udk5FRnBsbGo2ZHg2VkRiNThPazRYZVZ0aFpGNlYtSXVwME1uYmV0cVZCOFVNOXlnVDN2MXdZQk1HSWFSSGFhZWtINHpqQ09PTWJ3RFUzZFc0X0VxWWNseUVrMVpOckM4dFl0NFXSAZwCQVVfeXFMUGt1M0d3bjNkb3FnblJSV2l3SzZoMFlETzkwQlViSE1yUFNHaHVLb1pJcUVXU0wyZ0FObzJBcC05S3plYjh4d1pyYzNpdXFYLVhXRTRPTTJYaGdTWGpHX01SMGxZc2hnSmdXalNObVpad0ozOWxROVdvZzlmVjkxd2NnWjV0SXFMZ0FFUWk2Z2UxYWZFMGhSYm51SzR2c1ExblRoc1hCazF0WE5NYmVjbE11Y0ZTVjYwWVluSUF0WGozbWQ2SkwyZFc3Q0VFQkNxcHp3dHhYc0dDZzZadFVVcUhpMFBaRUxlM3F1TFhJTUNUT2FCVF9zeDQ3b09HLV9xT3o2QnNnMDRwSl8tM3JkSGF1U3lvdW5KQjdhLWk?oc=5,"Mon, 24 Mar 2025 12:05:00 GMT"
Charges framed against retired IG Murugan in sexual harassment case - The Hindu,https://news.google.com/rss/articles/CBMi0wFBVV95cUxPYzd1ZE9ONGhRN2c2MTI1eFFaaHZDRzgtcG0zc3B3RWJoUVRjNlhBVkRzTTVNcXR2VmlabG94MGh5VGtBR3oyMFlqaUJiblN5RkpUM1M2RzFoMEl5R0JIbVUzSXl1WmctNWRIS2NyZTdmVnBTQXoxdDAzbFNGb2J4SHkyZ2tXcG5FZTcyZU53bm1QT3hSR09lUWJ5ZzUzOFZ2T0o2MzdqU1dHM2VCWDA4a1k2T3VudkhDYjRQb0ZmSTYwVGIwYWtvbkdZR2EzWHFvQW930gHaAUFVX3lxTE5ZRnh5dUNYYmhQa2sxb3BMb3psYU5xdHRsLTRYaGE4RFE1MzU2cDFJOUxJNmtCT040eThiQndpXzhLVzczdF9UaHkybUphVlZRQUtjbjczVGV2X2s2Nmc2TG9kVG1mdHVRWm11SF91Ti1xSWZ3czRRVEtGRV9yaVBVQVJMTEtxNklEd0hwRWVHZEszQkhHREt5U19iSmQwTF83dVlrcVV0dThHNXQ4ejlrUS1zOExFZS1zckdZblpvMWxucUhlMXlkUlNZNmQzSE5oUjdsVjJTcTN3?oc=5,"Tue, 26 Nov 2024 08:00:00 GMT"
Chennai college girl rape case: Cops appeal not to scuttle probe with undue criticism - dtnext,https://news.google.com/rss/articles/CBMi7AFBVV95cUxQOXJpdlRXQWhiSS1xbU9JNWhHTnd0dUZCVmRsa1pQOTdWdXRzMGNlZDlaVy1XMEE0LXpNMF95MnVNUEVoZzg0QnhldTNjbWZxNW83TDFNS2FhLU5fdnY5d2xLYUhuN0ZhelFuRzNsLWpsSkV2Y2pscUZwT2xrY2ZHQVJEb09rbkh4WHZGTU9rTHEtRXVCZUcwRzN0c1NadGF4V3JNSHhTQnQ4N0xLVXZJTVBHT2lUUFhXalpmc05pb0lRbzhvUVVTbmM5QjBuZndsd2xBSjZ5aTZzem01eFZRYW1XNDljdDFnZWlEcdIB8gFBVV95cUxOYmhDNC1kRWIyeTdZQkUxb2NrRjJkUjFpWURKVzZIMnExVlBUTUZmZWdNOHY1LVVDQlFCT0FaamJLOGI5dkdSUnFSRjFGMjBkdXQwWWlBZFlOV2s4TWVyTFMwTDhDcG91X0xtVktselVucWxzUVFVSmxiRUpMYUY2WHl1ZTV3b0kwZEIyTEdGREFMUzRBU2p3SWFVUFpRVThmZll0cHl0c1J3c2tZSk94V1pQNC1JeGNiNFE3bWd4TUhLRTV3R05sajVCRGU4blVxazUzQllsM1lOTjFUVnVTRTJ2VmRWSFNweXlGWjk4b0Z5UQ?oc=5,"Tue, 10 Dec 2024 08:00:00 GMT"
4-member gang held for attempted rape - Times of India,https://news.google.com/rss/articles/CBMisgFBVV95cUxOVUJoZUs0NWsxVTRnd1dSMUtORDUwbm84S1dJZmp5aDFHMWFIR0Vzc3FTOG00WnQzaG5GdWdnOVRmakxIdGthWkFFVmVJRk5pNUVvbGN3TTNpZW80S2xMQ3ZVcTBQQzN0dlU4ZW5yWjkyeGMtd1lEaDB0M2p3TlNjN2xkbGxIOHlYcFRJdGJnUVZ6RUJzblhUT2JLV2RKOWJMUXpZUzV3WUlBSlM5N2djNG530gG3AUFVX3lxTFAwM000Rmd0MWJsZXNiX3NadUpRM1M0blpkMkJYRTZjaGhGbFY0NnlzWDR5azBYbzJBYy1yRllNdkNSMDQwS3VBS2xfelZrV0NiU3YtOGdkVzNjZW85SE85YW9rY0ZBOWZQYkpXLXQ2NEt2TGpRNmZuWE00d2hYeEZVYVBzSVRGcjhSbHVIYnA0M2x4UWRaOS1GNV9YZGxQMXdabllWbDU5SnlYaE9tUnBxQmxNNlJzSQ?oc=5,"Fri, 28 Feb 2025 08:00:00 GMT"
"‘Harassment of journalists under pretext of probe’, Madras HC pulls up Chennai police - The South First",https://news.google.com/rss/articles/CBMiuwFBVV95cUxOdUo2TXktTm5rdFNubnMtb0I3VWM2VVhrUGt5M2JZV1lvX1BYTXBSVU9mcWdicS0tTjk3dko0T0VJZlNnQTJTTmVxWGpELVZVR2VlWExXczZjXzQ4YXlybWs2aDVYYnJDM3lCaDh4LUpkVGF0VjJZeEJtOW5JNXRGNlFpM1Ryb2R1ZWd0alNoR3l6NG5kZk9oTHpfelNwOUFvdTFfMUJDeVVZQVJ0QnZ4WVpXRUZISjAycllN?oc=5,"Thu, 06 Feb 2025 08:00:00 GMT"
Cops summon Seeman for inquiry in rape case - Times of India,https://news.google.com/rss/articles/CBMiugFBVV95cUxPYk53YVlqYWR3SDRybnNaRTZrZVFRdGRrZ0lqUXpnYVRnTnk3ZGVEOUx2VURRVnZyOThTYTVCbnE0dklvcWtuRVBRU3FVMFdFeHlwWnE3aXpfOHNRb0JNRHV2UVVSd3RZdjNxX3JGOWs5WGhHNjdQMHFEWnF4cnpxaFROUm5WUll4UnFiNkVlWkdGOXVMT0xhSzVnV3NqZkJOeG15Y0VSclJXQnNpcUI2c1k4bUZLYThPY2fSAb8BQVVfeXFMTmJNNGhORGIwOWVYY2ozM0dnTkttb2JXMk9Jc2JLTkJnRUp3TG8xVUJ0QkxDWHN3QnhLQzZUTVZKbk5Ub0JMRHpoU25OWktyRmF4VGk4bDB6YmtOYkIzV0dlX0RQUVZWczRucExfNVJTNHRjeFVBcFI0VkZtRkp1YzJRM3NuMEpwWDZvc1RZRXZFUUh3RVE1dXV3SVJ5TjRSb1JNU3RPMTVsQWtsX3A1a3NMeUJyWnFpMXlsT1U4SFU?oc=5,"Tue, 25 Feb 2025 08:00:00 GMT"
'All of us should be ashamed': Madras high court criticises politicisation of Anna University rape case - Times of India,https://news.google.com/rss/articles/CBMihgJBVV95cUxNZm9UT2pwMXZ0LXh3c09jNmtLQW9ka25xWTlIUjdTUzBBOWloU1h3Nkh1NEZHeGJXdFFtYU83NTh4dm1XRXJVMmF1ZE5yTXNyeVF6ZWhvWHlnWVpHMUVMeFJES2NmdGcxWWl4NUxpdThnRHA3bXFCc0xXazkzN01Va2NQWm53QlRQUU1CRUNXY1ZIQk5ORHZTWGxFenlSNDZLRFVmbl82emp1UnhEdlZnVlpnbEh4TG94ZGVfQmQ3TEZLM3c2amlwbXcxbjVTazRtSTZ6dFZ4UFF5Zk9FX0hlcHlSZ1VsRnYzSDE3TW9QN2xGRlMzUTJTN0tEdnVvWFE1cVEyR2VB0gGLAkFVX3lxTE5DbVFFU0xLQ3dYWGJDMGZ0eVc2aWtaVmkxeGtZb21pcTNtWEtwSTFlXy01XzlRbkZUTnhDb1duaGlOQXpBYWhBeG5XMGpmRGVCRl9URTZRbGpxMGdQQ1F2cTZONlA0OUJaaU4xYW5RVEpuY1pyN2VoWVVpd096OUYzVWNsZEd4Q3JGazNpS0ZCZElSVUNZQk90QUpvOEp0WmtvMElMYlpXRWNPYXFXWWtFS2llTlhFdkxRaDBuZkNQSHdSUlZrcUV2ak9jVnI1YzJNZ2FJQnJrSUZLdDlHOXJWcXEyX0hyQzJMV1g2QWFOSkpYRFE4RUVJVTZrWUtta0g5eXNTQlZSUVBVcw?oc=5,"Thu, 02 Jan 2025 08:00:00 GMT"
